Type,company,Matching,dealCreateDate,meetingDate
Target,INSCOPE IT PTY LTD,INSCOPE IT PTY LTD,30/06/2025,11/12/2025
Target,DIGITAL CORE 9 PTY LTD,DIGITAL CORE 9 PTY LTD,1/07/2025,16/07/2025
Target,Aliva Pty Ltd,Aliva Pty Ltd,19/08/2025,14/11/2025
Target,DXC Technology,DXC TECHNOLOGY AUSTRALIA PTY LIMITED,19/08/2025,28/08/2025
Target,NOVO3 PTY LTD,NOVO3 PTY LTD,19/08/2025,10/11/2025
Target,Ethan Group Pty Ltd,Ethan Global Pty Ltd,1/12/2025,5/02/2026
Target,Security Centric Pty Ltd,Security Centric Pty Ltd,19/08/2025,8/09/2025
Target,Vocus,Vocus Pty Ltd,19/08/2025,3/09/2025
Target,ARXIS GROUP PTY LTD,ARXIS GROUP PTY LTD,19/08/2025,5/09/2025
Target,IPGLASS Pty Ltd,IP GLASS PTY LTD,19/08/2025,11/02/2026
Target,Stott & Hoare,Stott & Hoare,30/06/2025,11/07/2025
Target,ALL-TASKS COMPUTER SERVICES PTY LTD,ALL-TASKS COMPUTER SERVICES PTY LTD,30/06/2025,14/10/2025
Target,The Missing Link Network Integration Pty Ltd,The Missing Link Network Integration Pty Ltd,19/08/2025,1/09/2025
Target,Logic Stream Pty Ltd,LOGIC STREAM PTY LTD,1/12/2025,6/03/2026
Target,RESOLUTION TECHNOLOGY PTY LTD,Resolution Technology Pty Ltd,19/08/2025,29/08/2025
Target,Efficient Chips,Efficient Chips,30/06/2025,1/10/2025
Target,Communications Design Management Pty Ltd,Communications Design & Management Pty Ltd,19/08/2025,2/09/2025
Target,Xcy Pty Ltd,Xcy Pty Ltd,30/06/2025,2/09/2025
Target,ENERDS PTY LTD,eNerds Pty Ltd,30/06/2025,25/07/2025
Target,Bendigo Telco Ltd,Bendigo Telco Ltd,30/06/2025,5/08/2025
Target,Quorum Systems Pty Ltd,Quorum Systems Pty Ltd,30/06/2025,11/02/2026
Target,Honeylight Consulting Pty Ltd,Honeylight Consulting Pty Ltd,30/06/2025,25/08/2025
Target,Laminar Communications Pty Ptd,Laminar Communications Pty Ltd,19/08/2025,3/11/2025
Target,NEC IT Services Australia Pty Ltd,NEC IT Services Australia Pty Ltd,19/08/2025,17/02/2026
Target,Touchpoint Technology Pty Ltd,Touchpoint Technology Pty Ltd,30/06/2025,7/08/2025
Target,A23 PTY. LTD.,A23 PTY. LTD.,19/08/2025,16/10/2025
Target,Market Creations,Market Creations Pty Ltd,1/12/2025,2/03/2026
Target,Seccom Global Pty Ltd,Seccom Global Pty Ltd,19/08/2025,7/11/2025
Target,Stardata Pty Ltd,Stardata Pty Ltd,19/08/2025,13/10/2025
Target,CLARITY ICT PTY LTD,CLARITY ICT PTY LTD,19/08/2025,8/10/2025
Target,Canon Business Services Australia,CANON Business Services Australia,1/12/2025,2/03/2026
Target,Onel Consulting Pty Ltd,Onel Consulting Pty Ltd,19/08/2025,3/10/2025
Target,Blue Connections Pty Ltd,Blue Connections Pty Ltd,19/08/2025,3/11/2025
Target,Nexon,Nexon Asia Pacific Pty. Ltd.,14/07/2025,16/02/2026
Target,NTT Australia Pty Ltd,NTT Australia Pty Ltd,19/08/2025,12/02/2026
Target,Centrix Solutions Pty Ltd,Centrix Solutions Pty Ltd,30/06/2025,24/02/2026
Target,Data3,DATA#3 LIMITED,19/08/2025,2/09/2025
Target,OneStep,ONESTEP GROUP (WA) PTY LTD,19/08/2025,15/01/2026
Target,Leading Edge Information Pty Ltd,Leading Edge Information Pty Ltd,1/07/2025,1/12/2025
Target,The Trustee for DEALER IT - MJ SERVICES TRUST,The Trustee for DEALER IT - MJ SERVICES TRUST,30/06/2025,10/07/2025
Target,Interactive PL,Interactive Pty Ltd,19/08/2025,3/11/2025
Target,KINETIC IT PTY LTD,Kinetic IT Pty Ltd,19/08/2025,14/02/2026
Target,DEEPTECH PTY LTD,DEEPTECH PTY LTD,30/06/2025,6/02/2026
Target,TITAN ICT PTY LTD,TITAN ICT PTY LTD,30/06/2025,11/07/2025
Target,Williams Technology t/a Genesis Business Mac,Williams Technology t/a Genesis Business Mac,30/06/2025,10/12/2025
Target,Ebit Systems,E-Bit Systems Pty Ltd,30/06/2025,1/08/2025
Target,Applied Satellite Technology Australia t/a ASTA Networks,Applied Satellite Technology Australia t/a ASTA Networks,1/07/2025,14/01/2026
Target,KDDI Australia Pty Ltd,KDDI Australia Pty Ltd,19/08/2025,7/10/2025
Target,IP Partners Pty Ltd,IP Partners Pty Ltd,30/06/2025,16/01/2026
Target,Matrix Solutions Pty Ltd,Matrix Solutions Pty Ltd,1/12/2025,17/02/2026
Target,FAJITS P/L atf G2 IT,FAJITS P/L atf G2 IT,30/06/2025,1/12/2025
Target,Professional Advantage Pty Ltd,Professional Advantage Pty Ltd,30/06/2025,8/12/2025
Target,CDM Australia,CDM Australia Pty Ltd,19/08/2025,1/09/2025
Target,Geidi Pty Ltd,Geidi Pty Ltd,30/06/2025,17/02/2026
Target,LUCID MULTI CLOUD PTY LTD,LUCID MULTI CLOUD PTY LTD,19/08/2025,11/02/2026
Target,Tech Supply Australia Pty Ltd,Tech Supply Australia Pty Ltd,1/07/2025,14/07/2025
Target,NEXION Pacific (Pty) Ltd,Nexion Networks,30/06/2025,1/10/2025
Target,IT Basecamp Pty Ltd,IT Basecamp Pty Ltd,30/06/2025,12/11/2025
Target,Speedcast Australia,Speedcast Australia Pty Ltd,1/12/2025,17/02/2026
Target,Tranby West P/L t/as Netwest,Tranby West P/L t/as Netwest,30/06/2025,31/07/2025
Target,Innovate HQ Pty Ltd ATF Innovate HQ Unit Tru,Innovate HQ Pty Ltd ATF Innovate HQ Unit Tru,30/06/2025,30/07/2025
Target,PowerHouse Technology P/L t/a RMS Tech,PowerHouse Technology P/L t/a RMS Tech,1/07/2025,9/07/2025
Target,Landmark Computers,Landmark Computers,30/06/2025,7/08/2025
Target,Data Haus Pty Ltd,Data Haus Pty Ltd,19/08/2025,11/02/2026
Target,OneTeam IT Pty Ltd,ONETEAM IT PTY LTD,19/08/2025,17/11/2025
Target,Afterdark Technology Pty Ltd,Afterdark Technology Pty Ltd,19/08/2025,6/11/2025
Target,Aqura Technologies Pty Ltd,Aqura Technologies Pty Ltd,30/06/2025,15/01/2026
Target,BAMITS Pty Ltd,BAMITS Pty Ltd,19/08/2025,11/02/2026
Target,Centorrino Technologies Pty Ltd,CENTORRINO TECHNOLOGIES PTY LTD,19/08/2025,22/01/2026
Target,EAK INVESTMENTS PTE LTD - T/as Computer1,EAK INVESTMENTS PTE LTD - T/as Computer1,19/08/2025,2/10/2025
Target,iGen Media Corporation P/L t/a GPsupport,iGen Media Corporation P/L t/a GPsupport,1/07/2025,5/11/2025
Target,Insight IT,Insight I.T. Pty Ltd,5/12/2025,16/02/2026
Target,Loftus Computing Services Pty Ltd,Loftus Computing Services Pty Ltd,1/07/2025,11/02/2026
Target,Netier Pty Ltd,Netier Pty Ltd ATF The Netier Unit Trust,30/06/2025,13/01/2026
Target,Precision IT,Precision IT Pty Ltd,30/06/2025,4/12/2025
Target,Rojan Australia Pty Ltd,Rojan Australia Pty Ltd,1/12/2025,11/02/2026
Target,Solutions IT Asia Pacific Pty Ltd,Solutions IT,1/12/2025,11/02/2026
Target,Vizstone (acquired by Starboard IT),Vizstone Pty Ltd,19/08/2025,1/12/2025
Target,Powernet Group Pty Ltd,Powernet Group Pty Ltd,30/06/2025,25/07/2025
Target,Harris Technology,Harris Solutions Pty Ltd,1/07/2025,29/07/2025
Target,E & J IT Solutions Pty Ltd t/a IT Solutions,E & J IT Solutions Pty Ltd t/a IT Solutions,1/07/2025,21/01/2026
Target,Maher Family P/L ATF Maher No 2 Family Trust,Maher Family P/L ATF Maher No 2 Family Trust,21/08/2025,8/09/2025
Target,OZCOM Technology Group Pty Ltd,OZCOM Technology Group Pty Ltd,1/07/2025,24/07/2025
Target,Cloud Earth Pty Ltd,Cloud Earth Pty Ltd,30/06/2025,2/02/2026
Target,ITtelligent Consulting Services  - ( Virtual IT ),ITtelligent Consulting Services  - ( Virtual IT ),1/07/2025,14/11/2025
Target,INVISE PTY LTD,INVISE PTY LTD,19/08/2025,2/10/2025
Target,I.S.A. P/L atf LORISANN TRUST t/a ISA TECHNO,ISA P/L atf LORISANN TRUST t/a ISA TECHNO,30/06/2025,1/08/2025
Target,Enject Pty Ltd,Enject Pty Ltd,19/08/2025,1/10/2025
Target,Atthis Sept Pty Ltd  -  t/a Portal Technology,Atthis Sept Pty Ltd  -  t/a Portal Technology,19/08/2025,11/02/2026
Target,Groupsupport Pty Ltd,Groupsupport Pty Ltd,30/06/2025,12/12/2025
Target,MJ & RJ SALZKE t/a RJS Communications,MJ & RJ SALZKE t/a RJS Communications,1/07/2025,1/12/2025
Target,Wellcamp Telecommunications,Wellcamp Telecommunications Pty Ltd,19/08/2025,5/09/2025
Target,TTech IT Pty Ltd,T-Tech IT Pty Ltd,5/12/2025,5/03/2026
Target,VINet Solutions Pty Ltd,VINet Solutions Pty Ltd,30/06/2025,15/09/2025
Target,JEM Computer Systems Pty Ltd,JEM COMPUTER SYSTEMS PTY LTD,19/08/2025,10/11/2025
Target,New Era Technology  SE Pty Ltd,New Era Technology – SE,30/06/2025,7/11/2025
Target,Tecala ICT Pty Limited,Tecala ICT Pty Limited,19/08/2025,22/01/2026
Target,Virtu IT Solutions,Virtunet Pty Ltd - t/as VIRTU IT SOLUTIONS,1/12/2025,3/02/2026
Target,Intuit Technologies Pty Ltd,Intuit Technologies Pty Ltd,30/06/2025,11/11/2025
Target,Ever Nimble Pty Ltd,EVER NIMBLE PTY LTD,19/08/2025,11/02/2026
Target,Advance Vision Technology Pty Ltd,Advance Vision Technology Pty Ltd,30/06/2025,20/01/2026
Target,3Columns,PRJ CONSULTING PTY LTD t/a 3columns,19/08/2025,11/02/2026
Target,VIRTUAL GRAFFITI AUSTRALIA PTY LIMITED (NZ),Virtual Graffiti Australia Pty Ltd,19/08/2025,8/09/2025
Target,Mcr Resources Pty Limited,MCR Computer Resources Pty Ltd,19/08/2025,1/10/2025
Target,New Age Solutions Pty. Ltd. t/a New Age Solu,New Age Solutions Pty. Ltd. t/a New Age Solu,1/07/2025,11/02/2026
Target,Aryon Pty Ltd,Aryon Pty Ltd,19/08/2025,2/09/2025
Target,Ctrl Security Pty Ltd,CTRL SECURITY PTY LTD,30/06/2025,5/02/2026
Target,ASI Solutions ACT,ANABELLE BITS PTY LTD T/A ASI Solutions,30/06/2025,4/08/2025
Target,Area9 Pty Ltd,Area9 Pty Ltd,19/08/2025,7/11/2025
Target,Telstra,TELSTRA BROADCAST SERVICES PTY LIMITED,19/08/2025,3/09/2025
Target,BT AUSTRALASIA PTY LIMITED,BT AUSTRALASIA PTY LIMITED,19/08/2025,28/01/2026
Target,The Business Doctor NSW Pty Ltd,The Business Doctor NSW Pty Ltd - ( Quo Group),19/08/2025,10/10/2025
Target,Ricoh Australia Pty Ltd,Ricoh Australia Pty Ltd,30/06/2025,4/08/2025
Target,Cognitio Digital,COGNITIO DIGITAL PTY LTD,1/12/2025,24/02/2026
Target,Spirit Telecom Limited,Spirit Telecom (Australia) Pty Ltd,30/06/2025,8/12/2025
Control,Aquion Pty Ltd,Aquion Pty Ltd,,
Control,Brennan IT Pty Ltd,Brennan IT Pty Ltd,,
Control,Computer One Software (Australia) Pty Ltd,Computer One Software (Australia) Pty Ltd,,
Control,DANET TECHNOLOGY PTY LIMITED & JRK GROUP PTY LTD,DANET TECHNOLOGY PTY LIMITED & JRK GROUP PTY LTD,,
Control,Huon IT Pty Ltd,Huon IT Pty Ltd,,
Control,KMT Group Pty. Ltd t/a Kaine Mathrick Tech,KMT Group Pty. Ltd t/a Kaine Mathrick Tech,,
Control,Linktech Australia - ALMY PTY LTD,Linktech Australia - ALMY PTY LTD,,
Control,Macquarie Technology Operations Pty Ltd,Macquarie Technology Operations Pty Ltd,,
Control,Merchandise Arbitrage Pty Ltd,Merchandise Arbitrage Pty Ltd,,
Control,ORRO PTY LTD,ORRO PTY LTD,,
Control,Quatrotech Computing Services,Quatrotech Computing Services,,
Control,Teknet Pty Ltd T/A Loftus IT,Teknet Pty Ltd T/A Loftus IT,,
Control,THALES CYBER SERVICES AUSTRALIA PTY LTD,THALES CYBER SERVICES AUSTRALIA PTY LTD,,
Control,Truis Pty Ltd,Truis Pty Ltd,,
Control,Velocity Systems Group Pty Ltd,Velocity Systems Group Pty Ltd,,
Control,Vital Holdings Pty Ltd T/A Vital IT,Vital Holdings Pty Ltd T/A Vital IT,,
Control,LegitIT Pty Ltd,LegitIT Pty Ltd,,
Control,Integral Connection Pty Ltd -  t/as Network Overdrive,Integral Connection Pty Ltd -  t/as Network Overdrive,,
Control,QBT Consulting,QBT Consulting,,
Control,2Gen Pty Ltd,2Gen Pty Ltd,,
Control,ALLSTARS TRADING PTY LTD - trading as Zirilio,ALLSTARS TRADING PTY LTD - trading as Zirilio,,
Control,ANY IT BRISBANE,ANY IT BRISBANE,,
Control,Blue Apache Pty Ltd,Blue Apache Pty Ltd,,
Control,Commsys Pty Ltd,Commsys Pty Ltd,,
Control,Deloitte Touche Tohmatsu,Deloitte Touche Tohmatsu,,
Control,EMPYREAN IT PTY LTD atf Cloud Solutions Group,EMPYREAN IT PTY LTD atf Cloud Solutions Group,,
Control,Epic Enterprises (WA) Pty Ltd - t/a Epic IT,Epic Enterprises (WA) Pty Ltd - t/a Epic IT,,
Control,Fortinet Australia,Fortinet Australia,,
Control,Harmonic Enterprises Pty Ltd t/a Harmonic IT,Harmonic Enterprises Pty Ltd t/a Harmonic IT,,
Control,Infinite Infonet & Trading Pty Ltd,Infinite Infonet & Trading Pty Ltd,,
Control,MICRON 21 Pty Ltd,MICRON 21 Pty Ltd,,
Control,NEW ERA TECHNOLOGY AU05 PTY LTD,NEW ERA TECHNOLOGY AU05 PTY LTD,,
Control,Calibre One Pty Ltd,Calibre One Pty Ltd,,
Control,The Missing Link Security Pty Ltd,The Missing Link Security Pty Ltd,,
Control,The Morris Family Trust t/a Call For Teks,The Morris Family Trust t/a Call For Teks,,
Control,Procision Pty Ltd,Procision Pty Ltd,,
Control,Sparx Solutions Pty Ltd,Sparx Solutions Pty Ltd,,
Control,Syntric Pty Ltd,Syntric Pty Ltd,,
Control,The Trustee for Bertika Trust & Others t/a Perfekt Pty Ltd,The Trustee for Bertika Trust & Others t/a Perfekt Pty Ltd,,
Control,The Trustee for The K & R Harm Management Services Trust ( Managed Solutions ),The Trustee for The K & R Harm Management Services Trust ( Managed Solutions ),,
Control,REDD Digital Services Pty Ltd,REDD Digital Services Pty Ltd,,
Control,Bremmar Pty Ltd,Bremmar Pty Ltd,,
Control,Datacom Systems (AU) Pty Ltd,Datacom Systems (AU) Pty Ltd,,
Control,Far Edge Pty Limited,Far Edge Pty Limited,,
Control,IPSec Pty Ltd,IPSec Pty Ltd,,
Control,Orange Business Services Australia Pty Ltd,Orange Business Services Australia Pty Ltd,,
Control,Simm IT Services,Simm IT Services,,
Control,SterlingIT,SterlingIT,,
Control,Superior IT Technologies Pty. Ltd. T/A Hoste,Superior IT Technologies Pty. Ltd. T/A Hoste,,
Control,Tek One Solutions Pty Ltd,Tek One Solutions Pty Ltd,,
Control,Amnesium Pty Ltd,Amnesium Pty Ltd,,
Control,E Computing Pty Ltd,E Computing Pty Ltd,,
Control,Exclusive Networks Pty Ltd,Exclusive Networks Pty Ltd,,
Control,HEWLETT-PACKARD AUSTRALIA PTY LTD,HEWLETT-PACKARD AUSTRALIA PTY LTD,,
Control,Right Step Tech,Right Step Tech,,
Control,Squarealpha Pty Ltd,Squarealpha Pty Ltd,,
Control,Advent One Pty Ltd,Advent One Pty Ltd,,
Control,AFFINITY SYSTEMS PTY LTD,AFFINITY SYSTEMS PTY LTD,,
Control,Converged Medical Solutions Pty Ltd,Converged Medical Solutions Pty Ltd,,
Control,EZTEC SOLUTIONS PTY LTD,EZTEC SOLUTIONS PTY LTD,,
Control,Managed Services Australia Pty Ltd,Managed Services Australia Pty Ltd,,
Control,PENTEN PTY LTD,PENTEN PTY LTD,,
Control,SPOON TECHNOLOGIES PTY LTD,SPOON TECHNOLOGIES PTY LTD,,
Control,START TECHNOLOGIES PTY LTD t/a STARTCLOUD,START TECHNOLOGIES PTY LTD t/a STARTCLOUD,,
Control,TRANSACTION NETWORK SERVICES (UK) LTD,TRANSACTION NETWORK SERVICES (UK) LTD,,
Control,Transaction Network Services Australia Pty Ltd,Transaction Network Services Australia Pty Ltd,,
Control,"Transaction Network Services, Inc","Transaction Network Services, Inc",,
Control,Di Ciano Family Trust t/a MDCnet Computers,Di Ciano Family Trust t/a MDCnet Computers,,
Control,Kenso Communications Pty Ltd T/A Kenstra,Kenso Communications Pty Ltd T/A Kenstra,,
Control,Nokia Solutions and Networks Australia Pty Ltd,Nokia Solutions and Networks Australia Pty Ltd,,
Control,ONE IT SERVICES PTY LTD,ONE IT SERVICES PTY LTD,,
Control,RSM Australia P/L atf Birdanco Practice Trust,RSM Australia P/L atf Birdanco Practice Trust,,
Control,Integrate IT Australia Pty Ltd,Integrate IT Australia Pty Ltd,,
Control,The Trustee for MIB GLOBAL TRUST t/a Dot Net IT Solutions Pty Ltd,The Trustee for MIB GLOBAL TRUST t/a Dot Net IT Solutions Pty Ltd,,
Control,Comvergence P/L ATF COMVERGENCE UNIT TRUST,Comvergence P/L ATF COMVERGENCE UNIT TRUST,,
Control,Netservice Pty Limited,Netservice Pty Limited,,
Control,INTERFUSE TECHNOLOGY SERVICES PTY LTD,INTERFUSE TECHNOLOGY SERVICES PTY LTD,,
Control,Travmar Pty Ltd t/a ATS Solutions,Travmar Pty Ltd t/a ATS Solutions,,
Control,Aleph IT Pty Ltd,Aleph IT Pty Ltd,,
Control,CBIT Pty Ltd t/a CDFS,CBIT Pty Ltd t/a CDFS,,
Control,Flag Me Down Media,Flag Me Down Media,,
Control,Card Access Services,Card Access Services,,
Control,Goldline IT Pty Ltd,Goldline IT Pty Ltd,,
Control,Network-IT (WA) PTY LTD,Network-IT (WA) PTY LTD,,
Control,Auswide Communication Pty Ltd,Auswide Communication Pty Ltd,,
Control,GLOBAL ASSET SYSTEMS PTY. LIMITED,GLOBAL ASSET SYSTEMS PTY. LIMITED,,
Control,Increment Pty Ltd,Increment Pty Ltd,,
Control,SPLIT HORIZON PTY LTD,SPLIT HORIZON PTY LTD,,
Control,USEZER PTY LTD,USEZER PTY LTD,,
Control,CTM Professional Services Pty Ltd,CTM Professional Services Pty Ltd,,
Control,Synapse IT Consultants Pty Ltd,Synapse IT Consultants Pty Ltd,,
Control,AceNet Solutions Pty Ltd,AceNet Solutions Pty Ltd,,
Control,Conrade Pty Ltd (T/A Oreta),Conrade Pty Ltd (T/A Oreta),,
Control,The IT of Things Pty Ltd,The IT of Things Pty Ltd,,
Control,SITS ANZ PTY LTD,SITS ANZ PTY LTD,,
Control,Verizon Australia Pty Limited,Verizon Australia Pty Limited,,
Control,Adept Small Business IT Pty Ltd T/A The Adep,Adept Small Business IT Pty Ltd T/A The Adep,,
Control,TRANSACTION NETWORK SERVICES (IRELAND) LTD,TRANSACTION NETWORK SERVICES (IRELAND) LTD,,
Control,PERTHICT PTY LTD t/a ITdynamics,PERTHICT PTY LTD t/a ITdynamics,,
Control,Business Technology Group Ltd,Business Technology Group Ltd,,
Control,The Cyber Security Clinic,The Cyber Security Clinic,,
Control,Unirank IT Services,Unirank IT Services,,
Control,Accenture Australia Pty Ltd,Accenture Australia Pty Ltd,,
Control,Entag Group Pty Ltd,Entag Group Pty Ltd,,
Control,Is Digital Solutions,Is Digital Solutions,,
Control,Southern Phone Company Ltd t/a AGL Telco,Southern Phone Company Ltd t/a AGL Telco,,
Control,Willowcreek Holdings Pty Ltd t/a Your Wi-FI,Willowcreek Holdings Pty Ltd t/a Your Wi-FI,,
Control,Anric Pty Ltd (do not use),Anric Pty Ltd (do not use),,
Control,Medical IT Group Pty. Ltd.,Medical IT Group Pty. Ltd.,,
Control,SOFTCAT PLC,SOFTCAT PLC,,
Control,CARE MIT PTY LTD  - t/a Care Managed IT,CARE MIT PTY LTD  - t/a Care Managed IT,,
Control,ITCO P/L - T/as  Datalinq Solutions,ITCO P/L - T/as  Datalinq Solutions,,
Control,Zettagrid Pty Ltd,Zettagrid Pty Ltd,,
Control,DXC Connect Pty Limited,DXC Connect Pty Limited,,
Control,FRUITiON IT CONSULTANTS PTY. LTD.,FRUITiON IT CONSULTANTS PTY. LTD.,,
Control,Vocal Networks Pty Ltd,Vocal Networks Pty Ltd,,
Control,THRIVE OPERATIONS AUSTRALIA PTY LTD,THRIVE OPERATIONS AUSTRALIA PTY LTD,,
Control,Intelligent Business Network Solutions Pty Ltd,Intelligent Business Network Solutions Pty Ltd,,
Control,Rosyll Pty Ltd T/AS Consulting IT,Rosyll Pty Ltd T/AS Consulting IT,,
Control,DXC Enterprise Australia Pty Ltd,DXC Enterprise Australia Pty Ltd,,
Control,Sekuro Operations Pty Ltd,Sekuro Operations Pty Ltd,,
Control,Nueva Group Pty Ltd (T/A Nueva Solutions),Nueva Group Pty Ltd (T/A Nueva Solutions),,
Control,AUSTRALIAN CENTRE FOR ADVANCED COMPUTING AND COMMUNICATION PTY LTD (AC3),AUSTRALIAN CENTRE FOR ADVANCED COMPUTING AND COMMUNICATION PTY LTD (AC3),,
Control,Centum Services Pty Ltd,Centum Services Pty Ltd,,
Control,SoftwareONE Australia Pty Limited,SoftwareONE Australia Pty Limited,,
Control,VoIP Pty Ltd,VoIP Pty Ltd,,
Control,Spectrolite Pty Ltd,Spectrolite Pty Ltd,,
Control,The TSW Investment Trust t/a BusinessWorks,The TSW Investment Trust t/a BusinessWorks,,
Control,SUPERLOOP (AUSTRALIA) PTY LTD,SUPERLOOP (AUSTRALIA) PTY LTD,,
Control,MSS IT,MSS IT,,
Control,Logicalis Australia Pty Ltd,Logicalis Australia Pty Ltd,,
Control,VARIANT TECHNOLOGY PTY LTD,VARIANT TECHNOLOGY PTY LTD,,
Control,Click Information Technology Pty Ltd,Click Information Technology Pty Ltd,,
Control,Nextgen Distribution Limited (NZ),Nextgen Distribution Limited (NZ),,
Control,New Accord P/L ATF AMI Unit Trust t/a AMI Co,New Accord P/L ATF AMI Unit Trust t/a AMI Co,,
Control,Comptec I.T Pty Ltd,Comptec I.T Pty Ltd,,
Control,PB Technologies Ltd-AU,PB Technologies Ltd-AU,,
Control,Vectec Pty Ltd,Vectec Pty Ltd,,
Control,Emergence IT P/L t/a Future Logic,Emergence IT P/L t/a Future Logic,,
Control,ENTERPRISE TECH PTY LTD,ENTERPRISE TECH PTY LTD,,
Control,ANRIC IT PTY LTD,ANRIC IT PTY LTD,,
Control,Discovery Technology Pty Ltd,Discovery Technology Pty Ltd,,
Control,ISPNet,ISPNet,,
Control,Shield IT Pty Ltd ATF Ellul Family Trust T/A,Shield IT Pty Ltd ATF Ellul Family Trust T/A,,
Control,TATA COMMUNICATIONS (AUSTRALIA) PTY LTD,TATA COMMUNICATIONS (AUSTRALIA) PTY LTD,,
Control,COMMSNET GROUP PTY LTD,COMMSNET GROUP PTY LTD,,
Control,Digicor Pty Ltd,Digicor Pty Ltd,,
Control,Austin Technology,Austin Technology,,
Control,Exclusive Networks JJNet Hong Kong Ltd,Exclusive Networks JJNet Hong Kong Ltd,,
Control,Exetel Pty Ltd,Exetel Pty Ltd,,
Control,Nextgen Distribution Pty Ltd (AU),Nextgen Distribution Pty Ltd (AU),,
Control,Undivided Systems Pty Ltd,Undivided Systems Pty Ltd,,
Control,Discover Pty Ltd,Discover Pty Ltd,,
Control,WITZ CYBERSECURITY PTY LTD,WITZ CYBERSECURITY PTY LTD,,
Control,CyberCX Pty Ltd,CyberCX Pty Ltd,,
Control,Deployus Pty Ltd,Deployus Pty Ltd,,
Control,INVERTO PTY LTD,INVERTO PTY LTD,,
Control,RECON TECHNOLOGIES PTY LTD,RECON TECHNOLOGIES PTY LTD,,
Control,Atos (Australia) Pty Ltd,Atos (Australia) Pty Ltd,,
Control,Computers Now Pty Ltd,Computers Now Pty Ltd,,
Control,NEC Australia Pty Ltd,NEC Australia Pty Ltd,,
Control,HIVEMIND SOLUTIONS PTY LTD,HIVEMIND SOLUTIONS PTY LTD,,
Control,Acurus Pty Ltd,Acurus Pty Ltd,,
Control,Milnsbridge IT Voice & Data Pty Ltd,Milnsbridge IT Voice & Data Pty Ltd,,
Control,Datawest Group Pty Ltd,Datawest Group Pty Ltd,,
Control,Stanfield IT Pty Ltd,Stanfield IT Pty Ltd,,
Control,TPO TECHNOLOGIES PTY LTD,TPO TECHNOLOGIES PTY LTD,,
Control,Virtual IT Services Pty Limited,Virtual IT Services Pty Limited,,
Control,Secure Agility Pty Limited,Secure Agility Pty Limited,,
Control,Claratti Workspace  - T/as INTELLIGENT IP HOSTING,Claratti Workspace  - T/as INTELLIGENT IP HOSTING,,
Control,Zeara Managed Services Pty Ltd,Zeara Managed Services Pty Ltd,,
Control,Quantum Networks Pty Ltd,Quantum Networks Pty Ltd,,
Control,YesIT Group Pty Ltd,YesIT Group Pty Ltd,,
Control,Astron Technology Pty Ltd,Astron Technology Pty Ltd,,
Control,1Step Communications Pty Ltd,1Step Communications Pty Ltd,,
Control,Corporate IT Connect Pty Ltd,Corporate IT Connect Pty Ltd,,
Control,Thomas Peer Solutions Pty Ltd,Thomas Peer Solutions Pty Ltd,,
Control,Clear Technology Pty Ltd,Clear Technology Pty Ltd,,
Control,Converged Communication Network Applications Pty Ltd,Converged Communication Network Applications Pty Ltd,,
Control,EASYWEB DIGITAL PTY LTD,EASYWEB DIGITAL PTY LTD,,
Control,UniTech Solutions,UniTech Solutions,,
Control,Addcom Technologies Pty Ltd,Addcom Technologies Pty Ltd,,
Control,CONNIX PTY LTD,CONNIX PTY LTD,,
Control,Cube Networks Pty Ltd,Cube Networks Pty Ltd,,
Control,JUN TEC PTY LTD ATF THE JUN TEC TRUST,JUN TEC PTY LTD ATF THE JUN TEC TRUST,,
Control,SCALABLE TELECOM SOLUTIONS PTY LTD,SCALABLE TELECOM SOLUTIONS PTY LTD,,
Control,Centre Com Sunshine Pty Ltd,Centre Com Sunshine Pty Ltd,,
Control,SIS Group Pty Ltd T/A Amaze Communication,SIS Group Pty Ltd T/A Amaze Communication,,
Control,Cyber Audit Team Pty Ltd,Cyber Audit Team Pty Ltd,,
Control,Lightning Comms Pty Ltd,Lightning Comms Pty Ltd,,
Control,PLATINUM TECHNOLOGY MANAGED SERVICES PTY LTD,PLATINUM TECHNOLOGY MANAGED SERVICES PTY LTD,,
Control,SecureCentral - ( L YANG & SM BONG ),SecureCentral - ( L YANG & SM BONG ),,
Control,Content Security Pty Ltd,Content Security Pty Ltd,,
Control,OPTUS ADMINISTRATION PTY LTD,OPTUS ADMINISTRATION PTY LTD,,
Control,CyberPulse Pty Ltd,CyberPulse Pty Ltd,,
Control,Reconnected Pty Ltd,Reconnected Pty Ltd,,
Control,Business Technology Group Australia Pty Ltd,Business Technology Group Australia Pty Ltd,,
Control,Managed System Services Pty. Ltd. (Trading as MSS Information Technology),Managed System Services Pty. Ltd. (Trading as MSS Information Technology),,
Control,Reseau NSW Pty Ltd,Reseau NSW Pty Ltd,,
Control,Stuff That Works Pty Limited,Stuff That Works Pty Limited,,
Control,TECHD PTY LTD,TECHD PTY LTD,,
Control,Next-Tel Communications,Next-Tel Communications,,
Control,Michael Hallam t/a Xena,Michael Hallam t/a Xena,,
Control,Accucom Systems Integration Pty Limited,Accucom Systems Integration Pty Limited,,
Control,Live Communications Pty Ltd t/a UPTI,Live Communications Pty Ltd t/a UPTI,,
Control,TECHWARE CORPORATION (AUSTRALIA) PTY LTD,TECHWARE CORPORATION (AUSTRALIA) PTY LTD,,
Control,JH COMPUTER SERVICES WA PTY LTD,JH COMPUTER SERVICES WA PTY LTD,,
Control,Levitar Pty Ltd,Levitar Pty Ltd,,
Control,Quant Sec Pty Ltd,Quant Sec Pty Ltd,,
Control,Alphawest Services Pty Ltd,Alphawest Services Pty Ltd,,
Control,CLEAR CORPORATE TECHNOLOGY PTY LTD T/A CSW IT,CLEAR CORPORATE TECHNOLOGY PTY LTD T/A CSW IT,,
Control,FOIT Group Pty Ltd,FOIT Group Pty Ltd,,
Control,Veem Ltd,Veem Ltd,,
Control,RTV Computers Pty Ltd,RTV Computers Pty Ltd,,
Control,UGL Pty Limited,UGL Pty Limited,,
Control,XENON Systems Pty Ltd,XENON Systems Pty Ltd,,
Control,Simple Biz,Simple Biz,,
Control,Over the Wire Pty Ltd,Over the Wire Pty Ltd,,
Control,DCA Networks,DCA Networks,,
Control,Transaction Network Services NZ Limited (NZ),Transaction Network Services NZ Limited (NZ),,
Control,China Unicom (Australia) Operations Pty Ltd,China Unicom (Australia) Operations Pty Ltd,,
Control,SYNDETICOM PTY LTD,SYNDETICOM PTY LTD,,
Control,Torque IT Pty Ltd ATF Torque IT Unit Trust t,Torque IT Pty Ltd ATF Torque IT Unit Trust t,,
Control,NetCraft Australia Pty Ltd,NetCraft Australia Pty Ltd,,
Control,The Trustee for Qamba IT Unit Trust,The Trustee for Qamba IT Unit Trust,,
Control,ICT Group (Aust) Pty Ltd,ICT Group (Aust) Pty Ltd,,
Control,LEASEWEB AUSTRALIA PTY LIMITED,LEASEWEB AUSTRALIA PTY LIMITED,,
Control,INDE TECHNOLOGY AUSTRALIA PTY LTD,INDE TECHNOLOGY AUSTRALIA PTY LTD,,
Control,MRFM Pty. Ltd.,MRFM Pty. Ltd.,,
Control,ICT Networks Pty Ltd,ICT Networks Pty Ltd,,
Control,Kantanna Pty Ltd,Kantanna Pty Ltd,,
Control,Secure Internet Storage Solutions,Secure Internet Storage Solutions,,
Control,WEVO NETWORKS PTY LTD,WEVO NETWORKS PTY LTD,,
Control,DPM IT Solutions,DPM IT Solutions,,
Control,S&R Technologies,S&R Technologies,,
Control,Gateway Business Communications Pty Ltd,Gateway Business Communications Pty Ltd,,
Control,OC LINK GROUP,OC LINK GROUP,,
Control,CommuniCloud,CommuniCloud,,
Control,BlueBox IT,BlueBox IT,,
Control,MSA Technology Pty Ltd trading as Insight IT,MSA Technology Pty Ltd trading as Insight IT,,
Control,AUSSIE BROADBAND LIMITED,AUSSIE BROADBAND LIMITED,,
Control,Binary Logic,Binary Logic,,
Control,Conetix Pty Ltd,Conetix Pty Ltd,,
Control,JSB TECHNOLOGY PTY LTD,JSB TECHNOLOGY PTY LTD,,
Control,NetStrategy Pty Ltd,NetStrategy Pty Ltd,,
Control,Fox Systems Pty Ltd,Fox Systems Pty Ltd,,
Control,Insight Enterprises Australia Pty Ltd,Insight Enterprises Australia Pty Ltd,,
Control,TW Cyber Security Pty Ltd,TW Cyber Security Pty Ltd,,
Control,In Cloud Services Pty Ltd,In Cloud Services Pty Ltd,,
Control,Blutone Technologies Pty Ltd,Blutone Technologies Pty Ltd,,
Control,FASTRACK TECHNOLOGY PTY LTD,FASTRACK TECHNOLOGY PTY LTD,,
Control,Outcomex Pty Ltd,Outcomex Pty Ltd,,
Control,Pro IT Pty Ltd,Pro IT Pty Ltd,,
Control,Empire Technologies Pty Ltd,Empire Technologies Pty Ltd,,
Control,Accsys IT Pty Ltd,Accsys IT Pty Ltd,,
Control,The Somerville Group Pty Ltd - T/as Atturra Managed Services,The Somerville Group Pty Ltd - T/as Atturra Managed Services,,
Control,DIMIYA TECH PTY LTD,DIMIYA TECH PTY LTD,,
Control,AMPITO PTY LTD,AMPITO PTY LTD,,
Control,Excite Cyber,Excite Cyber,,
Control,TRITECH PLUS PTY LTD,TRITECH PLUS PTY LTD,,
Control,The Best Generation PTY LTD,The Best Generation PTY LTD,,
Control,Exclusive Networks Singapore Pte Ltd,Exclusive Networks Singapore Pte Ltd,,
Control,Zanotech Pty Ltd,Zanotech Pty Ltd,,
Control,Exclusive Networks SAS,Exclusive Networks SAS,,
Control,Hyper IT,Hyper IT,,
Control,Starboard IT,Starboard IT,,
Control,Tech Mahindra Ltd,Tech Mahindra Ltd,,
Control,Amaze Intelligence Pty Ltd,Amaze Intelligence Pty Ltd,,
Control,Multiline Pty Ltd,Multiline Pty Ltd,,
Control,11: 11 Systems Australia,11: 11 Systems Australia,,
Control,Baidam Solutions Pty Ltd,Baidam Solutions Pty Ltd,,
Control,Affinity Blue Pty Ltd,Affinity Blue Pty Ltd,,
Control,LevelUP Solutions Pty Ltd,LevelUP Solutions Pty Ltd,,
Others,Fyshh Pty Ltd,Fyshh Pty Ltd,,
Others,TRISKELE LABS GLOBAL PTY LTD,TRISKELE LABS GLOBAL PTY LTD,,
Others,Wigtown Bear Pty Ltd T/A Subnet,Wigtown Bear Pty Ltd T/A Subnet,,
Others,ACUMENIS PTY LTD,ACUMENIS PTY LTD,,
Others,Airloom Holdings Pty Ltd,Airloom Holdings Pty Ltd,,
Others,Asta Solutions Pty Ltd,Asta Solutions Pty Ltd,,
Others,Burgess Systems Consulting Pty Ltd,Burgess Systems Consulting Pty Ltd,,
Others,Civica Pty Ltd,Civica Pty Ltd,,
Others,DXC Red Rock Pty Ltd,DXC Red Rock Pty Ltd,,
Others,FALCORE INVESTMENTS PTY LTD,FALCORE INVESTMENTS PTY LTD,,
Others,Field Solutions Group Pty Ltd,Field Solutions Group Pty Ltd,,
Others,IDENTIFLY PTY LTD,IDENTIFLY PTY LTD,,
Others,K J ROSS & ASSOCIATES PTY LTD,K J ROSS & ASSOCIATES PTY LTD,,
Others,Kapish Services Pty Ltd,Kapish Services Pty Ltd,,
Others,Logi-tech Pty Ltd,Logi-tech Pty Ltd,,
Others,Mac Centre Pty Ltd,Mac Centre Pty Ltd,,
Others,NEWGEN SYSTEMS PTY LTD,NEWGEN SYSTEMS PTY LTD,,
Others,PATH INFOTECH PTY LTD,PATH INFOTECH PTY LTD,,
Others,Prescience Technology Pty Limited,Prescience Technology Pty Limited,,
Others,Protectera Pty Ltd,Protectera Pty Ltd,,
Others,Reseau Pty Ltd,Reseau Pty Ltd,,
Others,Southern Cyber Pty Ltd,Southern Cyber Pty Ltd,,
Others,Trustee for the P & R Williamson Family Trust ( trading as Insync Solutions Pty Ltd),Trustee for the P & R Williamson Family Trust ( trading as Insync Solutions Pty Ltd),,
Others,WyldLynx Pty Ltd,WyldLynx Pty Ltd,,
Others,Xavier College Ltd,Xavier College Ltd,,
Others,Equate Technologies Pty Ltd,Equate Technologies Pty Ltd,,
Others,FYB Pty Ltd,FYB Pty Ltd,,
Others,TL Consulting Group NSW Pty Ltd,TL Consulting Group NSW Pty Ltd,,
Others,Dept Digital Products Holdings Pty Ltd,Dept Digital Products Holdings Pty Ltd,,
Others,INFOREMOST PTY LTD,INFOREMOST PTY LTD,,
Others,INFOXCHANGE,INFOXCHANGE,,
Others,TechConnect IT Solutions Pty Ltd,TechConnect IT Solutions Pty Ltd,,
Others,The Frame Group Pty Limited,The Frame Group Pty Limited,,
Others,The Trustee for COMUNET UNIT TRUST,The Trustee for COMUNET UNIT TRUST,,
Others,The Trustee for Secolve20 Unit Trust - T/as  Secolve Pty Ltd,The Trustee for Secolve20 Unit Trust - T/as  Secolve Pty Ltd,,
Others,Theta Systems Limited,Theta Systems Limited,,
Others,INTECH SOFTWARE PTY LTD,INTECH SOFTWARE PTY LTD,,
Others,CSO GROUP PTY LTD,CSO GROUP PTY LTD,,
Others,Department of Primary Industries and Regions,Department of Primary Industries and Regions,,
Others,Magenta Technologies Pty Ltd,Magenta Technologies Pty Ltd,,
Others,SystemCraft Pty. Ltd,SystemCraft Pty. Ltd,,
Others,Capitec Investment 3 Pty Ltd -T/A LaserFast,Capitec Investment 3 Pty Ltd -T/A LaserFast,,
Others,COUNTERPART SOLUTIONS PTY. LTD.,COUNTERPART SOLUTIONS PTY. LTD.,,
Others,Cyber Risk Pty Ltd,Cyber Risk Pty Ltd,,
Others,Dialog Pty Ltd,Dialog Pty Ltd,,
Others,Fujitsu Australia Limited (NSW),Fujitsu Australia Limited (NSW),,
Others,Intraware Australia Pty Ltd,Intraware Australia Pty Ltd,,
Others,IT Today (Aust) Pty Ltd,IT Today (Aust) Pty Ltd,,
Others,Magia Solutions Pty Ltd,Magia Solutions Pty Ltd,,
Others,Nuago Pty Ltd,Nuago Pty Ltd,,
Others,WIPRO REVOLUTION IT PTY LTD,WIPRO REVOLUTION IT PTY LTD,,
Others,Zero Vector Pty Ltd,Zero Vector Pty Ltd,,
Others,AccessHQ,AccessHQ,,
Others,CYTHERA PTY LTD,CYTHERA PTY LTD,,
Others,ENVISAGE TECHNOLOGY (QLD) PTY LTD,ENVISAGE TECHNOLOGY (QLD) PTY LTD,,
Others,HYPER SCALERS PTY. LTD.,HYPER SCALERS PTY. LTD.,,
Others,Iocane Pty Ltd,Iocane Pty Ltd,,
Others,Proficiency Group Pty Ltd (T/as Information Proficiency),Proficiency Group Pty Ltd (T/as Information Proficiency),,
Others,RIOT SOLUTIONS PTY LTD,RIOT SOLUTIONS PTY LTD,,
Others,RPM Solutions Pty Ltd,RPM Solutions Pty Ltd,,
Others,Technicalities Group Consulting Pty Ltd,Technicalities Group Consulting Pty Ltd,,
Others,The Trustee for ENDPOINT FOCUS Trust,The Trustee for ENDPOINT FOCUS Trust,,
Others,BPM Vision Pty Ltd,BPM Vision Pty Ltd,,
Others,DATA INTENSITY PTY LIMITED,DATA INTENSITY PTY LIMITED,,
Others,Genisys Group Pty Ltd,Genisys Group Pty Ltd,,
Others,Informotion Pty Ltd,Informotion Pty Ltd,,
Others,ISG Enterprise Solutions,ISG Enterprise Solutions,,
Others,STRATEGIC INFORMATION TECHNOLOGIES PTY LIMITED,STRATEGIC INFORMATION TECHNOLOGIES PTY LIMITED,,
Others,The Trustee for the JDS Solutions Unit Trust (T/As JDS AUSTRALIA PTY LTD),The Trustee for the JDS Solutions Unit Trust (T/As JDS AUSTRALIA PTY LTD),,
Others,The Trustee for WILAPPS UNIT TRUST (Trading as Interscale),The Trustee for WILAPPS UNIT TRUST (Trading as Interscale),,
Others,Vectra Corporation Ltd,Vectra Corporation Ltd,,
Others,CIRRUS NETWORKS (WA) PTY LTD,CIRRUS NETWORKS (WA) PTY LTD,,
Others,First Focus IT Pty Ltd,First Focus IT Pty Ltd,,
Others,IP Trading Pty Ltd,IP Trading Pty Ltd,,
Others,IT Logic Pty Ltd,IT Logic Pty Ltd,,
Others,Solista Pty Ltd,Solista Pty Ltd,,
Others,Storm FX Distributions Pty Ltd,Storm FX Distributions Pty Ltd,,
Others,CALROSSY ANGLICAN SCHOOL,CALROSSY ANGLICAN SCHOOL,,
Others,Idea Science Pty Ltd,Idea Science Pty Ltd,,
Others,Blue Crystal Solutions Pty Ltd,Blue Crystal Solutions Pty Ltd,,
Others,CEVO (NSW) PTY LTD,CEVO (NSW) PTY LTD,,
Others,NGE CONSULTING PTY LTD - t/as Clevvi Technology,NGE CONSULTING PTY LTD - t/as Clevvi Technology,,
Others,Origin Digital Consultants Pty Ltd,Origin Digital Consultants Pty Ltd,,
Others,Pebble I.T. Solutions Pty Ltd,Pebble I.T. Solutions Pty Ltd,,
Others,Quadiq Pty Ltd - (T/A Slipstream Cyber),Quadiq Pty Ltd - (T/A Slipstream Cyber),,
Others,Relational Data Systems Pty Ltd,Relational Data Systems Pty Ltd,,
Others,STRATEGENICS PTY LTD,STRATEGENICS PTY LTD,,
Others,Tracer Technology Pty Ltd,Tracer Technology Pty Ltd,,
Others,INTALOCK (SPIRIT) CYBER SECURITY PTY LTD,INTALOCK (SPIRIT) CYBER SECURITY PTY LTD,,
Others,Planit Test Management Solutions Pty Ltd,Planit Test Management Solutions Pty Ltd,,
Others,Edge IX Pty Ltd,Edge IX Pty Ltd,,
Others,Lumen IT Pty Ltd,Lumen IT Pty Ltd,,
Others,Servers Australia Pty Ltd,Servers Australia Pty Ltd,,
Others,THE BOSS GROUP PTY. LTD. t/a MICROBOSS,THE BOSS GROUP PTY. LTD. t/a MICROBOSS,,
Others,CBR CYBER PTY LTD,CBR CYBER PTY LTD,,
Others,Force IT Pty Ltd,Force IT Pty Ltd,,
Others,MARIAN COLLEGE,MARIAN COLLEGE,,
Others,Restack Technology Pty Ltd,Restack Technology Pty Ltd,,
Others,The University of Adelaide,The University of Adelaide,,
Others,ESCAPE NET PTY LTD,ESCAPE NET PTY LTD,,
Others,Vektren Pty Ltd,Vektren Pty Ltd,,
Others,Amidata Ltd,Amidata Ltd,,
Others,ATLASTIX PTY LTD,ATLASTIX PTY LTD,,
Others,Comlinx Pty Ltd,Comlinx Pty Ltd,,
Others,Spectrum IT Pty Ltd T/A Strong Solutions,Spectrum IT Pty Ltd T/A Strong Solutions,,
Others,Federal Court of Australia,Federal Court of Australia,,
Others,Intrepid Solutions Australia Pty Ltd,Intrepid Solutions Australia Pty Ltd,,
Others,AKURIT PTY LTD,AKURIT PTY LTD,,
Others,DIGIWORLD AUST PTY LTD T/as Southern Cross Computer Systems,DIGIWORLD AUST PTY LTD T/as Southern Cross Computer Systems,,
Others,Invictus Partners Pty Ltd,Invictus Partners Pty Ltd,,
Others,5G Network Operations Pty Ltd,5G Network Operations Pty Ltd,,
Others,Acer Computer Australia Pty Ltd,Acer Computer Australia Pty Ltd,,
Others,AXIOM TECHNOLOGIES PTY LTD,AXIOM TECHNOLOGIES PTY LTD,,
Others,Kytec Pty Ltd,Kytec Pty Ltd,,
Others,OnCall DBA Pty Ltd,OnCall DBA Pty Ltd,,
Others,PRESCIENT SOLUTIONS PTY LTD,PRESCIENT SOLUTIONS PTY LTD,,
Others,Westpac Banking Corporation,Westpac Banking Corporation,,
Others,WIPRO SHELDE AUSTRALIA PTY LTD,WIPRO SHELDE AUSTRALIA PTY LTD,,
Others,WS TECH PTY LIMITED,WS TECH PTY LIMITED,,
Others,KPMG Australia Technology Solutions Pty Limited,KPMG Australia Technology Solutions Pty Limited,,
Others,SDS Group Pty Ltd,SDS Group Pty Ltd,,
Others,SecureWare Pty Ltd,SecureWare Pty Ltd,,
Others,ADITS Pty Ltd,ADITS Pty Ltd,,
Others,DATABL PTY LTD,DATABL PTY LTD,,
Others,COGNISS PTY LTD,COGNISS PTY LTD,,
Others,Envision I.T. Pty Ltd,Envision I.T. Pty Ltd,,
Others,BILUE PTY LTD,BILUE PTY LTD,,
Others,Digital Sense Hosting Pty Ltd,Digital Sense Hosting Pty Ltd,,
Others,Diocese of Lismore Catholic Schools Limited,Diocese of Lismore Catholic Schools Limited,,
Others,Levit8 Pty Ltd,Levit8 Pty Ltd,,
Others,QUEENWOOD SCHOOL FOR GIRLS,QUEENWOOD SCHOOL FOR GIRLS,,
Others,SHI International Corp Australia Pty. Ltd.,SHI International Corp Australia Pty. Ltd.,,
Others,iCognition Pty Limited,iCognition Pty Limited,,
Others,Katana1 Pty Ltd,Katana1 Pty Ltd,,
Others,The trustee for The Schloman B1 Trust (T/as MIKTYSH),The trustee for The Schloman B1 Trust (T/as MIKTYSH),,
Others,3rdmill Pty Ltd,3rdmill Pty Ltd,,
Others,BRACE168 PTY LTD,BRACE168 PTY LTD,,
Others,Cloud Burst Software Pty Ltd,Cloud Burst Software Pty Ltd,,
Others,CUBE CYBERSECURITY PTY LTD,CUBE CYBERSECURITY PTY LTD,,
Others,IT Junction Pty Limited,IT Junction Pty Limited,,
Others,Virtual Information Technology Pty Ltd,Virtual Information Technology Pty Ltd,,
Others,ADACTIN GROUP PTY LTD,ADACTIN GROUP PTY LTD,,
Others,IQ3 PTY LTD,IQ3 PTY LTD,,
Others,MICON IT SOLUTIONS,MICON IT SOLUTIONS,,
Others,Andersen IT Pty Ltd,Andersen IT Pty Ltd,,
Others,"Department of Climate Change, Energy, the Environment and Water","Department of Climate Change, Energy, the Environment and Water",,
Others,Department of Transport and Main Roads (Queensland Transport),Department of Transport and Main Roads (Queensland Transport),,
Others,FORENSIC IT SOLUTIONS PTY LTD,FORENSIC IT SOLUTIONS PTY LTD,,
Others,Inphysec Security Limited,Inphysec Security Limited,,
Others,LEIDOS AUSTRALIA PTY LIMITED,LEIDOS AUSTRALIA PTY LIMITED,,
Others,Enablis Pty Ltd,Enablis Pty Ltd,,
Others,Fuse Technology Pty Ltd,Fuse Technology Pty Ltd,,
Others,PSQ Group - (XERCES IT PTY LTD),PSQ Group - (XERCES IT PTY LTD),,
Others,ESN Group Pty Ltd,ESN Group Pty Ltd,,
Others,LAMPREY TECHNOLOGIES PTY LTD (T/A CompagoTechnologies),LAMPREY TECHNOLOGIES PTY LTD (T/A CompagoTechnologies),,
Others,Pure Security Pty Ltd,Pure Security Pty Ltd,,
Others,STACK ADVISORY PTY LTD,STACK ADVISORY PTY LTD,,
Others,Anticlockwise Pty Ltd,Anticlockwise Pty Ltd,,
Others,SOVEREIGN CLOUD AUSTRALIA PTY LTD (t/a) AUCloud Technologies,SOVEREIGN CLOUD AUSTRALIA PTY LTD (t/a) AUCloud Technologies,,
Others,Tech Data Advanced Solutions (ANZ) Limited,Tech Data Advanced Solutions (ANZ) Limited,,
Others,Meridian IT Pty Ltd,Meridian IT Pty Ltd,,
Others,Digital Peripherals Pty. Ltd,Digital Peripherals Pty. Ltd,,
Others,Strategic Business Consulting Pty Ltd,Strategic Business Consulting Pty Ltd,,
Others,DQA PTY LTD,DQA PTY LTD,,
Others,EXPERIENCE DIGITAL PTY LTD,EXPERIENCE DIGITAL PTY LTD,,
Others,Tata Consultancy Services Limited,Tata Consultancy Services Limited,,
Others,IT Connexion Pty Ltd,IT Connexion Pty Ltd,,
Others,SACRED HEART COLLEGE (SA),SACRED HEART COLLEGE (SA),,
Others,Daramalan College,Daramalan College,,
Others,SecurITon Pty Ltd,SecurITon Pty Ltd,,
Others,South Australian Housing Trust (T/as SA Housing Authority),South Australian Housing Trust (T/as SA Housing Authority),,
Others,HAMILTON SECONDARY COLLEGE,HAMILTON SECONDARY COLLEGE,,
Others,NETREGISTRY PTY LTD - (WebCentral),NETREGISTRY PTY LTD - (WebCentral),,
Others,ERICOM PTY. LIMITED,ERICOM PTY. LIMITED,,
Others,Gulanga Group Pty Ltd,Gulanga Group Pty Ltd,,
Others,DIGITAL ARMOUR CORPORATION PTY LTD,DIGITAL ARMOUR CORPORATION PTY LTD,,
Others,Transaction Solutions Limited - T/as Experteq,Transaction Solutions Limited - T/as Experteq,,
Others,AQUINAS COLLEGE (QLD),AQUINAS COLLEGE (QLD),,
Others,Royal Melbourne Institute of Technology (Partner),Royal Melbourne Institute of Technology (Partner),,
Others,Stickman Consulting Pty Ltd,Stickman Consulting Pty Ltd,,
Others,Our Lady of Mercy College,Our Lady of Mercy College,,
Others,Redlands College,Redlands College,,
Others,Sliced Tech Pty Ltd,Sliced Tech Pty Ltd,,
Others,Microsearch Consulting Pty Ltd,Microsearch Consulting Pty Ltd,,
Others,Symbio Networks Pty Ltd,Symbio Networks Pty Ltd,,
Others,TAHITI NUI TELECOM,TAHITI NUI TELECOM,,
Others,Telco ICT Group,Telco ICT Group,,
Others,TECHNICALITIES BRANCH 11 PTY LTD t/a APE IT,TECHNICALITIES BRANCH 11 PTY LTD t/a APE IT,,
Others,Scarlet Solutions Pty Ltd,Scarlet Solutions Pty Ltd,,
Others,Emantra Pty Ltd,Emantra Pty Ltd,,
Others,Queensland Police Service,Queensland Police Service,,
Others,6PILLARS CLOUD AUTOMATION PTY LTD,6PILLARS CLOUD AUTOMATION PTY LTD,,
Others,Fusion5 Pty Ltd,Fusion5 Pty Ltd,,
Others,ONLINE IT PTY LTD,ONLINE IT PTY LTD,,
Others,TECHTEGRITY PTY LTD,TECHTEGRITY PTY LTD,,
Others,AGL Energy Limited,AGL Energy Limited,,
Others,Syconic Cyber Pty Ltd,Syconic Cyber Pty Ltd,,
Others,X Integration Pty Ltd,X Integration Pty Ltd,,
Others,Consortium Group Pty Ltd,Consortium Group Pty Ltd,,
Others,SUNNYBANK STATE HIGH SCHOOL,SUNNYBANK STATE HIGH SCHOOL,,
Others,The Trustee for Revelation Software Concepts,The Trustee for Revelation Software Concepts,,
Others,Australian Trade Commission,Australian Trade Commission,,
Others,SALTT TECHNOLOGIES PTY LTD,SALTT TECHNOLOGIES PTY LTD,,
Others,Schneider Electric (Australia) Pty Ltd,Schneider Electric (Australia) Pty Ltd,,
Others,D8 App Development Pty Ltd,D8 App Development Pty Ltd,,
Others,ITSEC AUSTRALIA PTY LTD,ITSEC AUSTRALIA PTY LTD,,
Others,Queensland Health,Queensland Health,,
Others,DONFAM INVESTMENTS PTY LTD (trading as SAU DIGITAL AUSTRALIA),DONFAM INVESTMENTS PTY LTD (trading as SAU DIGITAL AUSTRALIA),,
Others,Codice Pty Ltd,Codice Pty Ltd,,
Others,IdentityXP Pty Ltd,IdentityXP Pty Ltd,,
Others,KLOUD TECH PTY. LTD.,KLOUD TECH PTY. LTD.,,
Others,Silverfern Computers Pty Ltd,Silverfern Computers Pty Ltd,,
Others,Data Engines Pty Ltd,Data Engines Pty Ltd,,
Others,KONVERGE AUSTRALIA PTY LTD,KONVERGE AUSTRALIA PTY LTD,,
Others,System Squared Pty Ltd,System Squared Pty Ltd,,
Others,IBM Australia Limited,IBM Australia Limited,,
Others,Imex Solutions WA Pty Ltd,Imex Solutions WA Pty Ltd,,
Others,PROVEHO NETWORKS,PROVEHO NETWORKS,,
Others,SIXFOLD PTY LTD,SIXFOLD PTY LTD,,
Others,UCIT Pty Limited,UCIT Pty Limited,,
Others,Inkline IT Pty Ltd,Inkline IT Pty Ltd,,
Others,MIBARU PTY LTD,MIBARU PTY LTD,,
Others,NETWAY NETWORKS PTY LTD,NETWAY NETWORKS PTY LTD,,
Others,SECNET PTY LTD,SECNET PTY LTD,,
Others,WORKING TECHNOLOGY PTY LTD,WORKING TECHNOLOGY PTY LTD,,
Others,Unisys Australia Pty Limited,Unisys Australia Pty Limited,,
Others,Holmesglen Institute,Holmesglen Institute,,
Others,Coöperatieve Rabobank U.A,Coöperatieve Rabobank U.A,,
Others,FORTYTWO24 PTY LTD,FORTYTWO24 PTY LTD,,
Others,"Infosys Technologies Limited, IL Melbourne","Infosys Technologies Limited, IL Melbourne",,
Others,TAZTECH PTY LTD  - (DO NOT USE)  see a/c # 211418,TAZTECH PTY LTD  - (DO NOT USE)  see a/c # 211418,,
Others,Computer Systems (Australia) Pty. Limited,Computer Systems (Australia) Pty. Limited,,
Others,ZETTA PTY LTD,ZETTA PTY LTD,,
Others,Noveix Systems Pty Limited,Noveix Systems Pty Limited,,
Others,XCELIT PTY LTD,XCELIT PTY LTD,,
Others,22fourteen Pty Ltd for J & A Haynes and Associates Family Trust trading as 22fourteen,22fourteen Pty Ltd for J & A Haynes and Associates Family Trust trading as 22fourteen,,
Others,ICT AIMS PTY. LTD,ICT AIMS PTY. LTD,,
Others,PHILLIPS IT PTY LIMITED,PHILLIPS IT PTY LIMITED,,
Others,The trustee for Committo Unit Trust,The trustee for Committo Unit Trust,,
Others,ASX Operations Pty Ltd,ASX Operations Pty Ltd,,
Others,City of Mandurah,City of Mandurah,,
Others,Commonwealth Superannuation Corporation (CSC),Commonwealth Superannuation Corporation (CSC),,
Others,Department of Justice (State Solicitor's Office ) WA,Department of Justice (State Solicitor's Office ) WA,,
Others,MERLIN BUSINESS SOLUTIONS PTY. LTD.,MERLIN BUSINESS SOLUTIONS PTY. LTD.,,
Others,The Trustee For The Teba Unit Trust - T/as Teba,The Trustee For The Teba Unit Trust - T/as Teba,,
Others,Worksafe Victoria,Worksafe Victoria,,
Others,Fire and Rescue New South Wales,Fire and Rescue New South Wales,,
Others,NDEVR Pty Ltd,NDEVR Pty Ltd,,
Others,PARISH CREST PTY LTD,PARISH CREST PTY LTD,,
Others,FUJIFILM MICROCHANNEL SERVICES PTY LTD,FUJIFILM MICROCHANNEL SERVICES PTY LTD,,
Others,MOQ Digital Pty Ltd,MOQ Digital Pty Ltd,,
Others,Stuart Arcus T/A S.P.A. Technology,Stuart Arcus T/A S.P.A. Technology,,
Others,Mount Gravatt State High School,Mount Gravatt State High School,,
Others,Edith Cowan University,Edith Cowan University,,
Others,Aurora Technologies Pty Ltd,Aurora Technologies Pty Ltd,,
Others,Gridware CyberSecurity Pty Ltd,Gridware CyberSecurity Pty Ltd,,
Others,STOIC IT PTY LTD,STOIC IT PTY LTD,,
Others,DotSec Pty Ltd,DotSec Pty Ltd,,
Others,Assertiv Pty Ltd,Assertiv Pty Ltd,,
Others,Murdoch University,Murdoch University,,
Others,Pentanet Limited,Pentanet Limited,,
Others,The Bawn Group Pty Ltd,The Bawn Group Pty Ltd,,
Others,The trustee for DSAJA Discretionary Trust - T/as Techcellence,The trustee for DSAJA Discretionary Trust - T/as Techcellence,,
Others,Australian Nuclear Science and Technology Organisation (ANSTO),Australian Nuclear Science and Technology Organisation (ANSTO),,
Others,Avondale University,Avondale University,,
Others,Batchelor Institute of Indigenous Tertiary Education,Batchelor Institute of Indigenous Tertiary Education,,
Others,Charles Darwin University,Charles Darwin University,,
Others,Charles Sturt University,Charles Sturt University,,
Others,Deakin University,Deakin University,,
Others,Flinders University,Flinders University,,
Others,Macquarie University,Macquarie University,,
Others,Monash University,Monash University,,
Others,Queensland University of Technology,Queensland University of Technology,,
Others,Southern Cross University (Coffs Harbour Campus),Southern Cross University (Coffs Harbour Campus),,
Others,THE UNIVERSITY OF NEWCASTLE,THE UNIVERSITY OF NEWCASTLE,,
Others,The University of Queensland,The University of Queensland,,
Others,The University of Western Australia,The University of Western Australia,,
Others,The University of Wollongong,The University of Wollongong,,
Others,University of Tasmania,University of Tasmania,,
Others,University of Technology Sydney,University of Technology Sydney,,
Others,Western Sydney University,Western Sydney University,,
Others,BLUBIZ SOLUTIONS PTY LTD,BLUBIZ SOLUTIONS PTY LTD,,
Others,Department of Water and Environmental Regulation,Department of Water and Environmental Regulation,,
Others,Architech Network & Communications Solutions Pty Ltd,Architech Network & Communications Solutions Pty Ltd,,
Others,Capgemini Australia Pty Ltd,Capgemini Australia Pty Ltd,,
Others,CITEC,CITEC,,
Others,CYBERNET SECURITY PTY LTD,CYBERNET SECURITY PTY LTD,,
Others,Pegasus Technology Pty Ltd,Pegasus Technology Pty Ltd,,
Others,The Trustee for cue IT Business Trust,The Trustee for cue IT Business Trust,,
Others,University of New South Wales,University of New South Wales,,
Others,University of South Australia,University of South Australia,,
Others,SELECT SOFTWARE SOLUTIONS PTY LIMITED,SELECT SOFTWARE SOLUTIONS PTY LIMITED,,
Others,UmlautIT Pty Ltd,UmlautIT Pty Ltd,,
Others,CONVERGINT AUSTRALIA PTY LTD,CONVERGINT AUSTRALIA PTY LTD,,
Others,Ionize Pty Ltd,Ionize Pty Ltd,,
Others,PinnacleQM Pty Ltd,PinnacleQM Pty Ltd,,
Others,Ikara Group Pty Ltd,Ikara Group Pty Ltd,,
Others,Internet Association of Australia Ltd,Internet Association of Australia Ltd,,
Others,IT Management Associates,IT Management Associates,,
Others,SURECITY NETWORKS PTY LTD,SURECITY NETWORKS PTY LTD,,
Others,Metropolitan Computers & Supplies,Metropolitan Computers & Supplies,,
Others,ITANZ GROUP PTY LTD,ITANZ GROUP PTY LTD,,
Others,1375 PTY LTD,1375 PTY LTD,,
Others,Eserve Consulting Pty Ltd,Eserve Consulting Pty Ltd,,
Others,Fermi Systems Pty. Ltd.,Fermi Systems Pty. Ltd.,,
Others,Absolute IT Solutions Pty Ltd As Trustee for Hurst Family Trust,Absolute IT Solutions Pty Ltd As Trustee for Hurst Family Trust,,
Others,TERRAWEST MANAGEMENT PTY LTD,TERRAWEST MANAGEMENT PTY LTD,,
Others,GSL Networks Pty Ltd,GSL Networks Pty Ltd,,
Others,INTELLITEK PTY. LIMITED,INTELLITEK PTY. LIMITED,,
Others,W.A. CROMARTY & COMPANY PROPRIETARY LIMITED,W.A. CROMARTY & COMPANY PROPRIETARY LIMITED,,
Others,Department of Mines Industry Regulation and Safety,Department of Mines Industry Regulation and Safety,,
Others,Citysoft NetCloud Pty Ltd,Citysoft NetCloud Pty Ltd,,
Others,INDIGROUP PTY LTD,INDIGROUP PTY LTD,,
Others,SOLAR ELECTRIC & ENGINEERING SUPPLIES PTY LTD,SOLAR ELECTRIC & ENGINEERING SUPPLIES PTY LTD,,
Others,Audio Vision Infotronics Pty Ltd ATF AVIT Trust,Audio Vision Infotronics Pty Ltd ATF AVIT Trust,,
Others,CFI TRUST (NET EFFECTS PTY LTD),CFI TRUST (NET EFFECTS PTY LTD),,
Others,Department for Child Protection,Department for Child Protection,,
Others,Eoratech Pty Ltd,Eoratech Pty Ltd,,
Others,South Australia Police,South Australia Police,,
Others,ST PETERS COLLEGE,ST PETERS COLLEGE,,
Others,AUSTRALIAN CLOUD COMPUTING and CONSULTING PTY. LTD. T/A TotalSecure,AUSTRALIAN CLOUD COMPUTING and CONSULTING PTY. LTD. T/A TotalSecure,,
Others,A.C.N. 661 187 211 PTY LTD (T/A 3 Lights),A.C.N. 661 187 211 PTY LTD (T/A 3 Lights),,
Others,Winc Australia Pty Limited,Winc Australia Pty Limited,,
Others,SIMPLICITY IT PTY LTD,SIMPLICITY IT PTY LTD,,
Others,Surety Solutions Pty Ltd,Surety Solutions Pty Ltd,,
Others,Securite Pty Ltd,Securite Pty Ltd,,
Others,All Cloud Pty Ltd - ( T/as Mantalus ),All Cloud Pty Ltd - ( T/as Mantalus ),,
Others,Jaazup Pty Ltd - (Seven IT Technologies),Jaazup Pty Ltd - (Seven IT Technologies),,
Others,Ramkey Consulting Pty Ltd,Ramkey Consulting Pty Ltd,,
Others,BGH Network Consulting Services,BGH Network Consulting Services,,
Others,KYNDRYL AUSTRALIA PTY LTD,KYNDRYL AUSTRALIA PTY LTD,,
Others,Optus Mobile Pty Ltd,Optus Mobile Pty Ltd,,
Others,Frontline Technology Services Pty Ltd,Frontline Technology Services Pty Ltd,,
Others,St Clares College,St Clares College,,
Others,STREAMTECH KNOWLEDGE PTY. LTD.,STREAMTECH KNOWLEDGE PTY. LTD.,,
Others,Crayon Australia Pty Ltd,Crayon Australia Pty Ltd,,
Others,ISI PTY LIMITED,ISI PTY LIMITED,,
Others,PRODELV PTY LTD THE TRUSTEE FOR THE O'CONNELL FAMILY TRUST,PRODELV PTY LTD THE TRUSTEE FOR THE O'CONNELL FAMILY TRUST,,
Others,The Trustee for WJ & J Rudd BT (T/A SQL Masters Consulting),The Trustee for WJ & J Rudd BT (T/A SQL Masters Consulting),,
Others,MORRIS TECHNOLOGY PTY LTD,MORRIS TECHNOLOGY PTY LTD,,
Others,FLUID5 PTY LTD,FLUID5 PTY LTD,,
Others,Olympus Technology Services,Olympus Technology Services,,
Others,Solista (Victoria) Pty Ltd,Solista (Victoria) Pty Ltd,,
Others,Vertical Telecoms Pty Limited,Vertical Telecoms Pty Limited,,
Others,THE BUSINESS EXPERIENCE AUSTRALIA PTY LTD,THE BUSINESS EXPERIENCE AUSTRALIA PTY LTD,,
Others,SAFEGROUP AUTOMATION PTY LTD,SAFEGROUP AUTOMATION PTY LTD,,
Others,TOM SHAW PTY LTD,TOM SHAW PTY LTD,,
Others,WWT AUSTRALIA PTY LTD,WWT AUSTRALIA PTY LTD,,
Others,DNX TECHNOLOGY PTY LTD,DNX TECHNOLOGY PTY LTD,,
Others,SMALL ROBOT PTY LTD,SMALL ROBOT PTY LTD,,
Others,FOCUS GROUP TECHNOLOGIES PTY LTD,FOCUS GROUP TECHNOLOGIES PTY LTD,,
Others,BLACKBIRD IT PTY LTD,BLACKBIRD IT PTY LTD,,
Others,Scots PGC College,Scots PGC College,,
Others,Murdoch Webster Technology Group Pty Ltd,Murdoch Webster Technology Group Pty Ltd,,
Others,Red 29 Pty Ltd,Red 29 Pty Ltd,,
Others,Brilliant Computer Solutions Pty Ltd,Brilliant Computer Solutions Pty Ltd,,
Others,PARABELLUM CYBERSECURITY PTY LTD,PARABELLUM CYBERSECURITY PTY LTD,,
Others,Galah Cyber Pty Ltd,Galah Cyber Pty Ltd,,
Others,The Trustee for National IT Solutions Australia Unit Trust,The Trustee for National IT Solutions Australia Unit Trust,,
Others,Triforce Australia Pty Ltd,Triforce Australia Pty Ltd,,
Others,CORETEC SOLUTIONS PTY LTD - T/as CAUSIA,CORETEC SOLUTIONS PTY LTD - T/as CAUSIA,,
Others,OBERIX GROUP PTY LTD - (T/as - OPERATIONAL INTELLIGENCE),OBERIX GROUP PTY LTD - (T/as - OPERATIONAL INTELLIGENCE),,
Others,Progility Technologies,Progility Technologies,,
Others,Winthrop Australia (HQ-WA),Winthrop Australia (HQ-WA),,
Others,Nuvola Group Pty Ltd,Nuvola Group Pty Ltd,,
Others,Allstar Solutions Pty Ltd,Allstar Solutions Pty Ltd,,
Others,The Trustee for A R GALLE FAMILY TRUST (T.A WORLDMARK CORPORATE CONSULTING),The Trustee for A R GALLE FAMILY TRUST (T.A WORLDMARK CORPORATE CONSULTING),,
Others,Western Power,Western Power,,
Others,GEEKS ON TAP PTY LTD,GEEKS ON TAP PTY LTD,,
Others,RELX Trading Australia Pty Limited trading as LexisNexis,RELX Trading Australia Pty Limited trading as LexisNexis,,
Others,Surebridge Pty Ltd,Surebridge Pty Ltd,,
Others,The Trustee for The Brenda Wilkins Family Trust (T/A Quince Consulting),The Trustee for The Brenda Wilkins Family Trust (T/A Quince Consulting),,
Others,Madrah Pty Ltd T/A Blackbook,Madrah Pty Ltd T/A Blackbook,,
Others,NEXTGEN Asia Pte. Ltd.,NEXTGEN Asia Pte. Ltd.,,
Others,Venn IT Solutions Pty Ltd,Venn IT Solutions Pty Ltd,,
Others,Fifth Logic Pty Ltd,Fifth Logic Pty Ltd,,
Others,THE TRUSTEE FOR SALSA DIGITAL TRUST,THE TRUSTEE FOR SALSA DIGITAL TRUST,,
Others,Pentana Solutions Pty Ltd,Pentana Solutions Pty Ltd,,
Others,Territory Technology Solutions Pty Ltd,Territory Technology Solutions Pty Ltd,,
Others,AHOYAHOY ENTERPRISES PTY LTD,AHOYAHOY ENTERPRISES PTY LTD,,
Others,MANTEL GROUP PTY LTD,MANTEL GROUP PTY LTD,,
Others,Respiro Pty Ltd,Respiro Pty Ltd,,
Others,The Trustee for The CBMC Unit Trust (CBM Corporate),The Trustee for The CBMC Unit Trust (CBM Corporate),,
Others,The Trustee for Deoki Development Group,The Trustee for Deoki Development Group,,
Others,The trustee for INTERINTRA TRUST,The trustee for INTERINTRA TRUST,,
Others,"MOHYUDDIN, GHULAM  t/as -TwoFourSeven","MOHYUDDIN, GHULAM  t/as -TwoFourSeven",,
Others,Virtual Business Partners Pty Ltd,Virtual Business Partners Pty Ltd,,
Others,Kodez Pty Ltd,Kodez Pty Ltd,,
Others,SALT CYBER PTY LTD - (White Rook Cyber),SALT CYBER PTY LTD - (White Rook Cyber),,
Others,ITANZ INFINITY PTY LTD,ITANZ INFINITY PTY LTD,,
Others,SecureCo Pty Ltd,SecureCo Pty Ltd,,
Others,GWI.DIGITAL PTY LTD,GWI.DIGITAL PTY LTD,,
Others,Kirra Services Pty Ltd,Kirra Services Pty Ltd,,
Others,Loyfam Pty Ltd,Loyfam Pty Ltd,,
Others,Amazon Web Services Australia Pty Ltd,Amazon Web Services Australia Pty Ltd,,
Others,CDW IT Solutions Australia Pty Ltd,CDW IT Solutions Australia Pty Ltd,,
Others,"PETKOVSKI, ANDREJ (Trading as Osmicro Networks)","PETKOVSKI, ANDREJ (Trading as Osmicro Networks)",,
Others,VODAFONE FIJI PTE LTD,VODAFONE FIJI PTE LTD,,
Others,SABASAI HOLDINGS PTY LTD,SABASAI HOLDINGS PTY LTD,,
Others,UVEX SAFETY AUSTRALIA LIMITED,UVEX SAFETY AUSTRALIA LIMITED,,
Others,Newbase Computer Services Pty Ltd,Newbase Computer Services Pty Ltd,,
Others,CULTURAL CYBER SECURITY PTY LTD,CULTURAL CYBER SECURITY PTY LTD,,
Others,SIMPLIFIED CLOUD PTY LTD,SIMPLIFIED CLOUD PTY LTD,,
Others,Planet Telecommunications Pty Ltd,Planet Telecommunications Pty Ltd,,
Others,RIVERCITY SOLUTIONS PTY LTD,RIVERCITY SOLUTIONS PTY LTD,,
Others,Progility Global Pty Ltd,Progility Global Pty Ltd,,
Others,The Trustee for Scorpion Technology Unit Trust,The Trustee for Scorpion Technology Unit Trust,,
Others,Imperium Cyber Security Pty Ltd,Imperium Cyber Security Pty Ltd,,
Others,ISAS - Integrated Switchgear and Systems Pty Ltd,ISAS - Integrated Switchgear and Systems Pty Ltd,,
Others,FSA Digital Pty Ltd,FSA Digital Pty Ltd,,
Others,The Trustee for The IT & B Trust (t/a ) Data Up,The Trustee for The IT & B Trust (t/a ) Data Up,,
Others,Corelight UK Limited,Corelight UK Limited,,
Others,MYNET SARL,MYNET SARL,,
Others,Transformr Pty Ltd,Transformr Pty Ltd,,
Others,LEAP TELECOMMUNICATIONS PTY LTD,LEAP TELECOMMUNICATIONS PTY LTD,,
Others,MEGAPORT (AUSTRALIA) PTY LTD,MEGAPORT (AUSTRALIA) PTY LTD,,
Others,THE INSIDE LINE AUS PTY LTD (t/a:STRABIT),THE INSIDE LINE AUS PTY LTD (t/a:STRABIT),,
Others,HITECH SUPPORT PTY. LIMITED,HITECH SUPPORT PTY. LIMITED,,
Others,Archon Solutions Pty Ltd,Archon Solutions Pty Ltd,,
Others,DEPLOYPARTNERS PTY LTD,DEPLOYPARTNERS PTY LTD,,
Others,CIRDAN ULTRA PTY LTD,CIRDAN ULTRA PTY LTD,,
Others,DYFLEX PTY LTD,DYFLEX PTY LTD,,
Others,Communicat IT Pty Ltd,Communicat IT Pty Ltd,,
Others,JD STRIDE PTY LTD,JD STRIDE PTY LTD,,
Others,Oobe Pty Ltd,Oobe Pty Ltd,,
Others,Greenlight (Vic) Pty Ltd,Greenlight (Vic) Pty Ltd,,
Others,CYBER AUSTRALIA PTY LTD (T/A CyberAI),CYBER AUSTRALIA PTY LTD (T/A CyberAI),,
Others,Hayes Information Systems and Communications Pty Ltd,Hayes Information Systems and Communications Pty Ltd,,
Others,Jeneva Pty Ltd,Jeneva Pty Ltd,,
Others,ARQ GROUP ENTERPRISE PTY LTD (NCS),ARQ GROUP ENTERPRISE PTY LTD (NCS),,
Others,CONVERGED FLOW NETWORKS PTY LTD - ( Converge IT ),CONVERGED FLOW NETWORKS PTY LTD - ( Converge IT ),,
Others,Future Computers,Future Computers,,
Others,Telecom Fiji Limited,Telecom Fiji Limited,,
Others,The Trustee for Amarone Trust & The Trustee for Freestyle Holdings Trust,The Trustee for Amarone Trust & The Trustee for Freestyle Holdings Trust,,
Others,IOOF Services Co Pty Ltd,IOOF Services Co Pty Ltd,,
Others,TENODEX PTY LTD - ( trading as Automotive Cyber Group),TENODEX PTY LTD - ( trading as Automotive Cyber Group),,
Others,Commonwealth Scientific And Industrial Research Organisation (CSIRO),Commonwealth Scientific And Industrial Research Organisation (CSIRO),,
Others,CORPCLOUD PTY LTD,CORPCLOUD PTY LTD,,
Others,PTP Consulting Group,PTP Consulting Group,,
Others,SHI International Corp,SHI International Corp,,
Others,CIRRUS NETWORKS (ACT) PTY LTD - (T/as Atturra),CIRRUS NETWORKS (ACT) PTY LTD - (T/as Atturra),,
Others,TECME PTY LTD,TECME PTY LTD,,
Others,DHI-AI Pty Ltd,DHI-AI Pty Ltd,,
Others,SAGE AUTOMATION PTY LTD,SAGE AUTOMATION PTY LTD,,
Others,WINYAMA PTY LTD,WINYAMA PTY LTD,,
Others,Matrium Technologies Pty Limited,Matrium Technologies Pty Limited,,
Others,Didgenet Pty Ltd,Didgenet Pty Ltd,,
Others,Gammer Group,Gammer Group,,
Others,Cloudec Pty Ltd,Cloudec Pty Ltd,,
Others,SYNERGY GROUP AUSTRALIA PTY LTD,SYNERGY GROUP AUSTRALIA PTY LTD,,
Others,RHOMBIC PTY LTD,RHOMBIC PTY LTD,,
Others,IMAGINEERING AUSTRALIA PTY. LTD.,IMAGINEERING AUSTRALIA PTY. LTD.,,
Others,Cascade Group Enterprises Pty Ltd,Cascade Group Enterprises Pty Ltd,,
Others,ELABOR8 PTY LTD,ELABOR8 PTY LTD,,
Others,Beyond Digital Pty Ltd,Beyond Digital Pty Ltd,,
Others,Viseo Australia Pty Ltd,Viseo Australia Pty Ltd,,
Others,Always UP IT Pty Ltd,Always UP IT Pty Ltd,,
Others,NETSOLUTIONS AUSTRALIA PTY. LTD.,NETSOLUTIONS AUSTRALIA PTY. LTD.,,
Others,The trustee for The Tembo Trust t/a HostAway Pty Ltd,The trustee for The Tembo Trust t/a HostAway Pty Ltd,,
Others,The Trustee for SISU SOLUTIONS DISCRETIONARY TRUST,The Trustee for SISU SOLUTIONS DISCRETIONARY TRUST,,
Others,HANNAN PARTNERS PTY LTD,HANNAN PARTNERS PTY LTD,,
Others,Anatas Pty Ltd  - T/A Atturra Data & Integration,Anatas Pty Ltd  - T/A Atturra Data & Integration,,
Others,THE IT AGENCY PTY LTD,THE IT AGENCY PTY LTD,,
Others,CYMAX PTY LTD,CYMAX PTY LTD,,
Others,Network Now Communications Pty Ltd,Network Now Communications Pty Ltd,,
Others,Smart Business Systems Pty Ltd,Smart Business Systems Pty Ltd,,
Others,GPK Group Pty Ltd,GPK Group Pty Ltd,,
Others,ICTechnology Pty Ltd,ICTechnology Pty Ltd,,
Others,Regional IT Newcastle Pty Ltd,Regional IT Newcastle Pty Ltd,,
Others,Agile Business Technologies Pty Ltd,Agile Business Technologies Pty Ltd,,
Others,Dell Financial Services Pty Ltd,Dell Financial Services Pty Ltd,,
Others,Inplace Solutions Pty Ltd,Inplace Solutions Pty Ltd,,
Others,Denver Technology Pty Ltd,Denver Technology Pty Ltd,,
Others,The Trustee for ATFA Jones Family Trust - ATFA CYBER PTY LTD (Razilio),The Trustee for ATFA Jones Family Trust - ATFA CYBER PTY LTD (Razilio),,
Others,BlueScale Pty Ltd,BlueScale Pty Ltd,,
Others,JARGON CONSULTING PTY LTD,JARGON CONSULTING PTY LTD,,
Others,MORFIT GROUP CONSULTING PTY LTD,MORFIT GROUP CONSULTING PTY LTD,,
Others,Wireless Communications Pty Ltd,Wireless Communications Pty Ltd,,
Others,BARE COVE TECHNOLOGY PTY LTD,BARE COVE TECHNOLOGY PTY LTD,,
Others,Computertalk Pty Ltd,Computertalk Pty Ltd,,
Others,NEW ERA TECHNOLOGY - NE PTY LTD,NEW ERA TECHNOLOGY - NE PTY LTD,,
Others,MicrotechDPS,MicrotechDPS,,
Others,Nexsys I.T. Pty Ltd,Nexsys I.T. Pty Ltd,,
Others,TELEPHONE APPLICATIONS AUSTRALIA (TAA) PTY LTD,TELEPHONE APPLICATIONS AUSTRALIA (TAA) PTY LTD,,
Others,OPIA TECHNOLOGY PTY LTD,OPIA TECHNOLOGY PTY LTD,,
Others,Aten systems Pty Ltd,Aten systems Pty Ltd,,
Others,WYS GROUP PTY LTD,WYS GROUP PTY LTD,,
Others,Global One Technologies Pty Ltd,Global One Technologies Pty Ltd,,
Others,Bridged Group Pty Ltd,Bridged Group Pty Ltd,,
Others,Byte Information Technology,Byte Information Technology,,
Others,Login Systems Pty. Ltd.,Login Systems Pty. Ltd.,,
Others,Netlink Group Pty Ltd,Netlink Group Pty Ltd,,
Others,Red Bear IT Pty Ltd,Red Bear IT Pty Ltd,,
Others,B-SURE IT PTY LTD,B-SURE IT PTY LTD,,
Others,Innessco,Innessco,,
Others,Insicon Pty Ltd,Insicon Pty Ltd,,
Others,INTERACT IT SERVICES PTY LTD,INTERACT IT SERVICES PTY LTD,,
Others,TECHNOLOGY IN DEPTH PTY LTD,TECHNOLOGY IN DEPTH PTY LTD,,
Others,Tekoi Consulting Pty Ltd,Tekoi Consulting Pty Ltd,,
Others,Infosurety Pty Ltd (trading as Infotrust),Infosurety Pty Ltd (trading as Infotrust),,
Others,THE TRUSTEE FOR THINK SOLUTIONS HYBRID TRUST (t/as Think Solutions),THE TRUSTEE FOR THINK SOLUTIONS HYBRID TRUST (t/as Think Solutions),,
Others,INTERLEAVE AUSTRALIA PTY. LTD.,INTERLEAVE AUSTRALIA PTY. LTD.,,
Others,NovaTech IT Pty Ltd,NovaTech IT Pty Ltd,,
Others,ANDREW SJOQUIST ENTERPRISES PTY LTD - (ASE),ANDREW SJOQUIST ENTERPRISES PTY LTD - (ASE),,
Others,Computer Alliance P/L,Computer Alliance P/L,,
Others,K & K WINROW P/L atf EOS IT SPECIALISTS,K & K WINROW P/L atf EOS IT SPECIALISTS,,
Others,ODLINK IT PTY LTD,ODLINK IT PTY LTD,,
Others,"SELWAY, JOE  (Yuridla Systems)","SELWAY, JOE  (Yuridla Systems)",,
Others,Specht Networking Solutions Pty Ltd,Specht Networking Solutions Pty Ltd,,
Others,Red Bass Consulting,Red Bass Consulting,,
Others,Applied Business Technology Pty Ltd,Applied Business Technology Pty Ltd,,
Others,Bokser Pty Ltd,Bokser Pty Ltd,,
Others,Cloud Security Solutions Pty Ltd t/a Jypra Group,Cloud Security Solutions Pty Ltd t/a Jypra Group,,
Others,Contact Electrical Pty Ltd t/a Contact Group,Contact Electrical Pty Ltd t/a Contact Group,,
Others,"COURTNEY, LUKE t/a 10 Gig IT","COURTNEY, LUKE t/a 10 Gig IT",,
Others,CRAWFORD IT PTY LTD,CRAWFORD IT PTY LTD,,
Others,Cyber Future Pty Ltd,Cyber Future Pty Ltd,,
Others,Cynch Sec Pty Ltd,Cynch Sec Pty Ltd,,
Others,"GRIGGS, PAUL DAVID t/a SynchronisIT","GRIGGS, PAUL DAVID t/a SynchronisIT",,
Others,Ignite Systems Pty Ltd,Ignite Systems Pty Ltd,,
Others,Inertia IT Pty Ltd ATF The Inertia IT Class,Inertia IT Pty Ltd ATF The Inertia IT Class,,
Others,ITQ Pty Ltd,ITQ Pty Ltd,,
Others,L & M SYSTEMS PTY LTD,L & M SYSTEMS PTY LTD,,
Others,MANIT TECHNOLOGY PTY LTD,MANIT TECHNOLOGY PTY LTD,,
Others,Offis Pty. Limited,Offis Pty. Limited,,
Others,Palladium Investment Group Pty Ltd t/a Resolve IT,Palladium Investment Group Pty Ltd t/a Resolve IT,,
Others,PC Link Professionals Pty Ltd,PC Link Professionals Pty Ltd,,
Others,QROM PTY LTD,QROM PTY LTD,,
Others,Roam Empire Pty Ltd t/a Roam IT Solutions,Roam Empire Pty Ltd t/a Roam IT Solutions,,
Others,SAGE LINK PTY LTD,SAGE LINK PTY LTD,,
Others,"SCRIVA, DOMENICO t/a ScrivzIT","SCRIVA, DOMENICO t/a ScrivzIT",,
Others,The Trustee for Ipau Technologies Trust t/a Ipau Technologies,The Trustee for Ipau Technologies Trust t/a Ipau Technologies,,
Others,The trustee for LMLICH Trust t/a Virtutec Australia,The trustee for LMLICH Trust t/a Virtutec Australia,,
Others,The trustee for United IT Group Trust t/a United IT,The trustee for United IT Group Trust t/a United IT,,
Others,Tresami Computer Engineering Pty Limited,Tresami Computer Engineering Pty Limited,,
Others,Virtuosys Pty Ltd,Virtuosys Pty Ltd,,
Others,Webequip Pty Ltd  T/as  Macs-4-u & Macs4u,Webequip Pty Ltd  T/as  Macs-4-u & Macs4u,,
Others,Chrome Consulting Pty Ltd,Chrome Consulting Pty Ltd,,
Others,Cyberlinx Pty Ltd,Cyberlinx Pty Ltd,,
Others,L2X TECHNOLOGIES PTY LTD,L2X TECHNOLOGIES PTY LTD,,
Others,MRESULT PTY LTD,MRESULT PTY LTD,,
Others,NIAD TECHNOLOGIES PTY LTD,NIAD TECHNOLOGIES PTY LTD,,
Others,Telefonix Technology Group P/L T/A Azentro,Telefonix Technology Group P/L T/A Azentro,,
Others,THE YOKU GROUP PTY. LTD.,THE YOKU GROUP PTY. LTD.,,
Others,Moco Investments Pty Ltd t/a Connectiv,Moco Investments Pty Ltd t/a Connectiv,,
Others,Konica Minolta Business Solutions Australia Pty Ltd,Konica Minolta Business Solutions Australia Pty Ltd,,
Others,NXBASE - (SECURE THE CLOUD PTY LTD),NXBASE - (SECURE THE CLOUD PTY LTD),,
Others,EPSILON IT PTY LTD,EPSILON IT PTY LTD,,
Others,PBA Technology Pty Ltd,PBA Technology Pty Ltd,,
Others,Ericsson Australia Pty Ltd,Ericsson Australia Pty Ltd,,
Others,DVULN PTY LTD,DVULN PTY LTD,,
Others,NetPillar Pty Ltd,NetPillar Pty Ltd,,
Others,Webres Solutions Pty Ltd ATF Webres Solution Trust,Webres Solutions Pty Ltd ATF Webres Solution Trust,,
Others,Australian IT Solutions,Australian IT Solutions,,
Others,ALTITUDO P/L ATF SBMR UNIT TRUST t/a Altitud,ALTITUDO P/L ATF SBMR UNIT TRUST t/a Altitud,,
Others,OVERWATCH CYBERSECURITY PTY LTD,OVERWATCH CYBERSECURITY PTY LTD,,
Others,Data Central Pty Ltd,Data Central Pty Ltd,,
Others,Mobilogica Pty Ltd,Mobilogica Pty Ltd,,
Others,GHANEM FAMILY TRUST - (COMLINK SOLUTIONS),GHANEM FAMILY TRUST - (COMLINK SOLUTIONS),,
Others,Cogenesis Business Group Pty Ltd,Cogenesis Business Group Pty Ltd,,
Others,TRITUSA PTY LTD,TRITUSA PTY LTD,,
Others,ICT EDGE PTY LTD,ICT EDGE PTY LTD,,
Others,ISW Development Pty Ltd,ISW Development Pty Ltd,,
Others,VETPARTNERS AUSTRALIA PTY LTD,VETPARTNERS AUSTRALIA PTY LTD,,
Others,Wipro Limited,Wipro Limited,,
Others,C5 Technology Pty Ltd,C5 Technology Pty Ltd,,
Others,JIFFI CONSULTANCY PTY LTD,JIFFI CONSULTANCY PTY LTD,,
Others,PERIGON ONE PTY LTD,PERIGON ONE PTY LTD,,
Others,TrueIT Consulting Pty Ltd,TrueIT Consulting Pty Ltd,,
Others,Velvet Systems,Velvet Systems,,
Others,Nuvento Pty Ltd,Nuvento Pty Ltd,,
Others,PrimeQ Pty Ltd,PrimeQ Pty Ltd,,
Others,The Grid Corporation Pty Ltd,The Grid Corporation Pty Ltd,,
Others,The Trustee for LMNTRIX Unit Trust,The Trustee for LMNTRIX Unit Trust,,
Others,VITAL PERIPHERAL SUPPLIES PTY LIMITED,VITAL PERIPHERAL SUPPLIES PTY LIMITED,,
Others,AUTHABLE PARTNERS PTY LTD,AUTHABLE PARTNERS PTY LTD,,
Others,Sustainabil.IT Technologies Pty Ltd,Sustainabil.IT Technologies Pty Ltd,,
Others,The Trustee for THE CHISHOLM FAMILY TRUST (Davichi Computer Services),The Trustee for THE CHISHOLM FAMILY TRUST (Davichi Computer Services),,
Others,DPT Solutions Pty Ltd,DPT Solutions Pty Ltd,,
Others,TECHQUITY PTY LTD,TECHQUITY PTY LTD,,
Others,Quotient ICT Pty Ltd,Quotient ICT Pty Ltd,,
Others,AFFINITY MSP PTY LTD,AFFINITY MSP PTY LTD,,
Others,JB HI-FI GROUP PTY LTD,JB HI-FI GROUP PTY LTD,,
Others,Itek Managed Services Pty Ltd,Itek Managed Services Pty Ltd,,
Others,ADV Technical Consulting,ADV Technical Consulting,,
Others,HUB ICT PTY LTD,HUB ICT PTY LTD,,
Others,OFFICE SOLUTIONS IT PTY LTD,OFFICE SOLUTIONS IT PTY LTD,,
Others,Source Technology Pty Ltd,Source Technology Pty Ltd,,
Others,Networx Australia Pty Ltd,Networx Australia Pty Ltd,,
Others,Canary Technology Solutions Pty Limited,Canary Technology Solutions Pty Limited,,
Others,VERSENT PTY LTD,VERSENT PTY LTD,,
Others,Royal Penny Holdings Pty Ltd T/A Critical IT,Royal Penny Holdings Pty Ltd T/A Critical IT,,
Others,BPR Consultants Pty Ltd,BPR Consultants Pty Ltd,,
Others,SUBCO SOUTH PTY LTD,SUBCO SOUTH PTY LTD,,
Others,Jasco Consulting Pty Ltd,Jasco Consulting Pty Ltd,,
Others,ASE Tech  -  (DO NOT USE)  See a/c # 208405,ASE Tech  -  (DO NOT USE)  See a/c # 208405,,
Others,Exceed ICT Pty Ltd,Exceed ICT Pty Ltd,,
Others,PARAGONIT PTY. LTD.,PARAGONIT PTY. LTD.,,
Others,Sykes Data Storage Pty Ltd,Sykes Data Storage Pty Ltd,,
Others,DIGITAL FARMER TRADING PTY LTD,DIGITAL FARMER TRADING PTY LTD,,
Others,R-GROUP INTERNATIONAL PTY LTD,R-GROUP INTERNATIONAL PTY LTD,,
Others,ATMOS HOLDINGS PTY LIMITED,ATMOS HOLDINGS PTY LIMITED,,
Others,BA Cowell & RM Wilford  - T/as activsync IT,BA Cowell & RM Wilford  - T/as activsync IT,,
Others,Night IT,Night IT,,
Others,Stratelo Pty Ltd,Stratelo Pty Ltd,,
Others,Yanaki Pty Ltd,Yanaki Pty Ltd,,
Others,NEW ERA TECHNOLOGY - NN PTY LTD,NEW ERA TECHNOLOGY - NN PTY LTD,,
Others,BRYK Group,BRYK Group,,
Others,Total Computer Technology Pty Ltd,Total Computer Technology Pty Ltd,,
Others,"Barracuda Networks, Inc. (AU)","Barracuda Networks, Inc. (AU)",,
Others,Division 5 Pty Ltd,Division 5 Pty Ltd,,
Others,ICT Group Pty Ltd,ICT Group Pty Ltd,,
Others,Whitehash Cybersecurity Pty Ltd,Whitehash Cybersecurity Pty Ltd,,
Others,4impact Asia Pacific Pty Ltd,4impact Asia Pacific Pty Ltd,,
Others,BABELTEXT PTY LTD,BABELTEXT PTY LTD,,
Others,NCC Group Pty Limited,NCC Group Pty Limited,,
Others,ETS IT PTY LTD,ETS IT PTY LTD,,
Others,YOKOGAWA AUSTRALIA PTY LIMITED,YOKOGAWA AUSTRALIA PTY LIMITED,,
Others,NETWORK SOLUTIONS GROUP PTY LTD,NETWORK SOLUTIONS GROUP PTY LTD,,
Others,NSB Cyber Pty Ltd,NSB Cyber Pty Ltd,,
Others,M.A.D. MINDWORKS PTY LIMITED,M.A.D. MINDWORKS PTY LIMITED,,
Others,Kevin Carne / Titan Secure,Kevin Carne / Titan Secure,,
Others,ACPL SYSTEMS PTY LTD,ACPL SYSTEMS PTY LTD,,
Others,Attainable Cyber Solutions Pty Ltd,Attainable Cyber Solutions Pty Ltd,,
Others,iasset Pty Ltd,iasset Pty Ltd,,
Others,ABI (AGENCE DE BUREAUTIQUE ET D'INFORMATIQUE),ABI (AGENCE DE BUREAUTIQUE ET D'INFORMATIQUE),,
Others,Megabyte Solutions Australia - T/A Curiositi,Megabyte Solutions Australia - T/A Curiositi,,
Others,F1 Solutions Pty Limited,F1 Solutions Pty Limited,,
Others,Opal Logic Pty Ltd,Opal Logic Pty Ltd,,
Others,Graphene CIP Pty Ltd,Graphene CIP Pty Ltd,,
Others,Kadec IT Pty Ltd,Kadec IT Pty Ltd,,
Others,Idea 11 Pty Ltd,Idea 11 Pty Ltd,,
Others,INLIGHT IT PTY LTD,INLIGHT IT PTY LTD,,
Others,Nexis ICT,Nexis ICT,,
Others,TAYLOR MADE SALES PTY LTD,TAYLOR MADE SALES PTY LTD,,
Others,IITER PTY LTD.,IITER PTY LTD.,,
Others,Netskope RMA / ITF,Netskope RMA / ITF,,
Others,API Services Australia Pty Ltd,API Services Australia Pty Ltd,,
Others,Enacom Pty Ltd,Enacom Pty Ltd,,
Others,RIGHTSEC PTY LTD,RIGHTSEC PTY LTD,,
Others,The trustee for HANNA FAMILY TRUST (HD IT),The trustee for HANNA FAMILY TRUST (HD IT),,
Others,HARBOR SOLUTIONS PTY LTD,HARBOR SOLUTIONS PTY LTD,,
Others,Series Consulting Pty Ltd,Series Consulting Pty Ltd,,
Others,NEXTGEN oSpace Pty Ltd,NEXTGEN oSpace Pty Ltd,,
Others,FocusNet Services Pty Ltd,FocusNet Services Pty Ltd,,
Others,Jamnet Pty Limited,Jamnet Pty Limited,,
Others,KOBOT SYSTEMS PTY LTD,KOBOT SYSTEMS PTY LTD,,
Others,CYBERKNOWLEDGE PTY LTD,CYBERKNOWLEDGE PTY LTD,,
Others,S5 Technology Group Pty Ltd,S5 Technology Group Pty Ltd,,
Others,Digital Harbour Pty Ltd,Digital Harbour Pty Ltd,,
Others,Tech Help Direct Pty Ltd,Tech Help Direct Pty Ltd,,
Others,Vodafone Cook Islands,Vodafone Cook Islands,,
Others,WISECLICK PTY LTD,WISECLICK PTY LTD,,
Others,Kalibre Pty Ltd,Kalibre Pty Ltd,,
Others,INVOTEC PTY LTD,INVOTEC PTY LTD,,
Others,GRATEX INTERNATIONAL AUST PTY LTD,GRATEX INTERNATIONAL AUST PTY LTD,,
Others,Mobile Executive Pty Ltd,Mobile Executive Pty Ltd,,
Others,THUNDERLABS PTY LTD,THUNDERLABS PTY LTD,,
Others,GQI Consulting Pty Ltd,GQI Consulting Pty Ltd,,
Others,INTELLIHUB AUSTRALIA PTY LTD,INTELLIHUB AUSTRALIA PTY LTD,,
Others,ALL IT Australia Pty Ltd,ALL IT Australia Pty Ltd,,
Others,Switch I.T. Pty Limited,Switch I.T. Pty Limited,,
Others,The Trustee for The DSC-IT Unit Trust (t/as DSC-IT),The Trustee for The DSC-IT Unit Trust (t/as DSC-IT),,
Others,INFOCX PTY LTD,INFOCX PTY LTD,,
Others,F7 DIGITAL NETWORKS PTY LTD,F7 DIGITAL NETWORKS PTY LTD,,
Others,BG Unified Solutions Pty Ltd,BG Unified Solutions Pty Ltd,,
Others,DWS Group Pty Ltd,DWS Group Pty Ltd,,
Others,ICT Business Systems Pty Ltd,ICT Business Systems Pty Ltd,,
Others,MONITORING INTELLIGENCE SERVICES PTY LTD,MONITORING INTELLIGENCE SERVICES PTY LTD,,
Others,Pinpoint I.T. Australia Pty Ltd,Pinpoint I.T. Australia Pty Ltd,,
Others,AYTEK CONSULTING,AYTEK CONSULTING,,
Others,ASTRAL PTY LTD,ASTRAL PTY LTD,,
Others,Global It Pty Ltd,Global It Pty Ltd,,
Others,"Jap, Hengky Gunawan t/a Bowen Software Solut","Jap, Hengky Gunawan t/a Bowen Software Solut",,
Others,DELTA TECHNOLOGY & CONSULTING GROUP PTY LTD - T/as DTC Group,DELTA TECHNOLOGY & CONSULTING GROUP PTY LTD - T/as DTC Group,,
Others,NCS AU Pty Ltd,NCS AU Pty Ltd,,
Others,Streamline Partners Pty Ltd,Streamline Partners Pty Ltd,,
Others,SHAPE IT SOLUTIONS PTY LTD,SHAPE IT SOLUTIONS PTY LTD,,
Others,TECH SPECIALIST SUPPORT PTY LTD,TECH SPECIALIST SUPPORT PTY LTD,,
Others,FUJIFILM CODEBLUE AUSTRALIA PTY LTD,FUJIFILM CODEBLUE AUSTRALIA PTY LTD,,
Others,Blazeguard Pty Ltd,Blazeguard Pty Ltd,,
Others,OOPA PTY LTD,OOPA PTY LTD,,
Others,KLB Systems Pty Ltd,KLB Systems Pty Ltd,,
Others,AG Cyber Pty Ltd,AG Cyber Pty Ltd,,
Others,Canada Inc,Canada Inc,,
Others,Dell Australia Pty Limited,Dell Australia Pty Limited,,
Others,HTC Global Pty Ltd,HTC Global Pty Ltd,,
Others,Cloud Edge Pty Ltd,Cloud Edge Pty Ltd,,
Others,Globalnet Solutions Australia Pty Ltd,Globalnet Solutions Australia Pty Ltd,,
Others,Alchemy Security Consulting Pty Ltd.,Alchemy Security Consulting Pty Ltd.,,
Others,INNABLR PTY LTD,INNABLR PTY LTD,,
Others,Datcom Cloud Pty Ltd,Datcom Cloud Pty Ltd,,
Others,ECN Pty Ltd,ECN Pty Ltd,,
Others,AESIR TECHNOLOGY PTY LTD,AESIR TECHNOLOGY PTY LTD,,
Others,R1I Pty Ltd,R1I Pty Ltd,,
Others,Advanced Communications Riverina,Advanced Communications Riverina,,
Others,Aeris Networks Pty Ltd,Aeris Networks Pty Ltd,,
Others,CODUX PTY. LTD.,CODUX PTY. LTD.,,
Others,Elitetech Solutions,Elitetech Solutions,,
Others,Pinnacle IT Solutions Pty Ltd,Pinnacle IT Solutions Pty Ltd,,
Others,The Trustee for Junica Trust,The Trustee for Junica Trust,,
Others,AILEVATE PTY LTD,AILEVATE PTY LTD,,
Others,OCB IT PTY LTD t/a Office Choice Managed IT Services,OCB IT PTY LTD t/a Office Choice Managed IT Services,,
Others,Novigi Pty Ltd,Novigi Pty Ltd,,
Others,Bastion Technology Services,Bastion Technology Services,,
Others,Securetivity Pty Ltd,Securetivity Pty Ltd,,
Others,ACUTE PROFESSIONAL SERVICES PTY. LTD.,ACUTE PROFESSIONAL SERVICES PTY. LTD.,,
Others,TECHVANT.COM.AU PTY LTD,TECHVANT.COM.AU PTY LTD,,
Others,A1 Technologies Group Pty Ltd,A1 Technologies Group Pty Ltd,,
Others,Sentrian Pty Ltd,Sentrian Pty Ltd,,
Others,GET AI PTY LTD,GET AI PTY LTD,,
Others,INNOVATIVE DATA SOLUTIONS PTY LTD,INNOVATIVE DATA SOLUTIONS PTY LTD,,
Others,Sonivy Technology Limited,Sonivy Technology Limited,,
Others,Datec Australia Pty Ltd,Datec Australia Pty Ltd,,
Others,MYEMPIRE GROUP PTY LTD,MYEMPIRE GROUP PTY LTD,,
Others,ALTTAB PTY LTD,ALTTAB PTY LTD,,
Others,OPSWAT Inc.,OPSWAT Inc.,,
Others,Nexus IT,Nexus IT,,
Others,FITZROY IT PTY. LTD.,FITZROY IT PTY. LTD.,,
Others,ATNIS Pty Ltd,ATNIS Pty Ltd,,
Others,Independent Data Solutions Pty Ltd,Independent Data Solutions Pty Ltd,,
Others,Viasat Australia Pty Ltd,Viasat Australia Pty Ltd,,
Others,IMPLICIT OT PTY LTD,IMPLICIT OT PTY LTD,,
Others,Ricardo Rail Australia Pty Ltd,Ricardo Rail Australia Pty Ltd,,
Others,CRCYBER PTY LTD,CRCYBER PTY LTD,,
Others,DOVETALE SPORT PTY LTD,DOVETALE SPORT PTY LTD,,
Others,Cyber Capability Pty Ltd,Cyber Capability Pty Ltd,,
Others,Renew IT,Renew IT,,
Others,CNS Australia Pty Ltd,CNS Australia Pty Ltd,,
Others,Fabitech Solutions,Fabitech Solutions,,
Others,READII PTY LTD,READII PTY LTD,,
Others,RED OWL PTY LTD,RED OWL PTY LTD,,
Others,BENJAMIN MOSSE CONSULTING PTY. LTD.,BENJAMIN MOSSE CONSULTING PTY. LTD.,,
Others,Lahebo Pty Ltd,Lahebo Pty Ltd,,
